,-224
0,-334
1,-411
2,-436
3,-449
4,-387
5,-257
6,-41
7,320
8,656
9,653
10,6
11,-747
12,-1259
13,-1051
14,-490
15,-71
16,77
17,151
18,203
19,300
20,415
21,486
22,480
23,405
24,288
25,168
26,56
27,-54
28,-158
29,-227
30,-280
31,-268
32,-254
33,-210
34,-185
35,-167
36,-149
37,-136
38,-126
39,-104
40,-43
41,57
42,185
43,397
44,622
45,808
46,902
47,1002
48,367
49,-229
50,-1037
51,-1235
52,-898
53,-565
54,-331
55,-189
56,-98
57,-22
58,47
59,105
60,118
61,112
62,78
63,44
64,-4
65,-43
66,-66
67,-13
68,45
69,114
70,278
71,473
72,391
73,-215
74,-740
75,-1082
76,-812
77,-372
78,-97
79,-64
80,-35
81,-20
82,36
83,122
84,184
85,244
86,274
87,284
88,249
89,195
90,132
91,85
92,62
93,68
94,76
95,85
96,100
97,125
98,145
99,185
100,241
101,327
102,327
103,394
104,546
105,281
106,-447
107,-1126
108,-1593
109,-1333
110,-826
111,-476
112,-283
113,-164
114,-80
115,43
116,190
117,318
118,398
119,420
120,404
121,352
122,277
123,187
124,100
125,49
126,20
127,10
128,-1
129,-15
130,-34
131,-70
132,-123
133,-180
134,-236
135,-270
136,-299
137,-317
138,-321
139,-295
140,-254
141,-215
142,-164
143,-106
144,132
145,357
146,610
147,804
148,518
149,-42
150,-703
151,-976
152,-725
153,-296
154,25
155,236
156,364
157,401
158,397
159,357
160,270
161,144
162,-18
163,-157
164,-275
165,-332
166,-287
167,-170
168,-46
169,-296
170,-836
171,-1246
172,-1233
173,-772
174,-260
175,-2
176,131
177,195
178,234
179,212
180,91
181,-50
182,-112
183,-58
184,95
185,214
186,301
187,370
188,389
189,337
190,206
191,63
192,-32
193,-99
194,-126
195,-135
196,-126
197,-115
198,-92
199,-64
200,-38
201,-7
202,13
203,50
204,111
205,315
206,486
207,618
208,685
209,898
210,1178
211,1183
212,368
213,-519
214,-1174
215,-989
216,-373
217,206
218,526
219,599
220,502
221,366
222,282
223,198
224,113
225,-6
226,-104
227,-178
228,-222
229,-249
230,-259
231,-246
232,-234
233,-216
234,-200
235,-187
236,-169
237,-141
238,-117
239,-84
240,-43
241,15
242,91
243,163
244,222
245,264
246,271
247,251
248,225
249,240
250,433
251,667
252,878
253,918
254,920
255,303
256,-500
257,-1163
258,-1342
259,-964
260,-551
261,-366
262,-285
263,-297
264,-319
265,-304
266,-253
267,-187
268,-172
269,-224
270,-335
271,-533
272,-737
273,-819
274,-715
275,-406
276,41
277,337
278,272
279,-349
280,-844
281,-1014
282,-638
283,-70
284,438
285,727
286,798
287,615
288,286
289,-154
290,-656
291,-957
292,-997
293,-751
294,-461
295,-45
296,165
297,319
298,12
299,-533
300,-1081
301,-1315
302,-1130
303,-716
304,-65
305,535
306,932
307,837
308,363
309,-253
310,-647
311,-727
312,-506
313,-136
314,248
315,487
316,507
317,382
318,181
319,9
320,-75
321,-93
322,-75
323,-32
324,54
325,143
326,236
327,299
328,340
329,363
330,400
331,453
332,498
333,523
334,553
335,553
336,535
337,523
338,534
339,576
340,618
341,551
342,-74
343,-849
344,-1559
345,-1582
346,-1087
347,-487
348,-120
349,61
350,108
351,145
352,219
353,293
354,341
355,361
356,356
357,331
358,293
359,261
360,245
361,266
362,284
363,299
364,296
365,291
366,283
367,276
368,277
369,273
370,258
371,245
372,263
373,306
374,329
375,286
376,232
377,186
378,194
379,184
380,104
381,-298
382,-786
383,-1193
384,-1186
385,-855
386,-488
387,-229
388,-50
389,117
390,281
391,403
392,499
393,561
394,575
395,486
396,324
397,120
398,-72
399,-231
400,-318
401,-358
402,-344
403,-301
404,-234
405,-145
406,-44
407,96
408,459
409,759
410,831
411,184
412,-494
413,-891
414,-671
415,-188
416,118
417,264
418,350
419,388
420,392
421,406
422,453
423,516
424,563
425,534
426,460
427,335
428,172
429,18
430,-96
431,-161
432,-197
433,-206
434,-183
435,-134
436,-79
437,-23
438,2
439,3
440,14
441,59
442,167
443,295
444,409
445,455
446,475
447,476
448,519
449,583
450,702
451,469
452,-308
453,-960
454,-1434
455,-1107
456,-566
457,-350
458,-290
459,-341
460,-358
461,-265
462,-167
463,-35
464,72
465,155
466,168
467,160
468,115
469,54
470,0
471,-39
472,-52
473,-39
474,-1
475,40
476,73
477,94
478,71
479,32
480,-28
481,-81
482,-118
483,-155
484,-195
485,-209
486,-131
487,46
488,222
489,469
490,725
491,1021
492,419
493,-308
494,-1241
495,-1401
496,-961
497,-422
498,-77
499,110
500,181
501,240
502,303
503,388
504,391
505,306
506,158
507,-25
508,-195
509,-328
510,-425
511,-464
512,-444
513,-364
514,-194
515,110
516,514
517,688
518,181
519,-637
520,-1238
521,-1243
522,-751
523,-239
524,13
525,192
526,276
527,327
528,380
529,409
530,440
531,463
532,472
533,472
534,429
535,334
536,186
537,15
538,-134
539,-236
540,-302
541,-330
542,-326
543,-312
544,-302
545,-282
546,-257
547,-219
548,-177
549,-136
550,-92
551,-26
552,64
553,184
554,416
555,666
556,907
557,1010
558,1100
559,871
560,126
561,-638
562,-1271
563,-1161
564,-711
565,-342
566,-94
567,39
568,71
569,49
570,23
571,31
572,53
573,64
574,28
575,-15
576,-74
577,-138
578,-197
579,-195
580,-153
581,-66
582,39
583,121
584,197
585,259
586,337
587,406
588,230
589,-257
590,-794
591,-1105
592,-1023
593,-602
594,-265
595,5
596,173
597,289
598,397
599,484
600,479
601,382
602,197
603,13
604,-137
605,-232
606,-288
607,-321
608,-339
609,-329
610,-295
611,-270
612,-232
613,-203
614,-153
615,-92
616,-6
617,92
618,174
619,251
620,329
621,519
622,746
623,970
624,1136
625,1250
626,1482
627,1190
628,230
629,-975
630,-1794
631,-1736
632,-1142
633,-595
634,-259
635,-140
636,-139
637,-112
638,-62
639,1
640,38
641,24
642,8
643,-15
644,-57
645,-135
646,-205
647,-229
648,-171
649,-53
650,182
651,547
652,695
653,300
654,-528
655,-1264
656,-1382
657,-896
658,-196
659,179
660,305
661,223
662,122
663,70
664,7
665,-132
666,-257
667,-278
668,-213
669,-82
670,31
671,117
672,182
673,208
674,218
675,202
676,201
677,208
678,236
679,260
680,293
681,332
682,523
683,828
684,1032
685,729
686,-310
687,-1386
688,-1863
689,-1621
690,-865
691,-272
692,13
693,45
694,-87
695,-255
696,-428
697,-582
698,-565
699,-442
700,-216
701,-14
702,112
703,208
704,273
705,321
706,359
707,379
708,394
709,379
710,355
711,314
712,256
713,236
714,395
715,590
716,631
717,41
718,-984
719,-1775
720,-1862
721,-1367
722,-431
723,190
724,502
725,413
726,141
727,-303
728,-642
729,-726
730,-534
731,-181
732,171
733,414
734,549
735,593
736,549
737,478
738,395
739,281
740,150
741,32
742,-41
743,-80
744,-90
745,-83
746,-77
747,-49
748,-8
749,42
750,99
751,178
752,305
753,440
754,551
755,628
756,662
757,713
758,744
759,724
760,636
761,455
762,-87
763,-628
764,-1012
765,-1063
766,-789
767,-509
768,-301
769,-180
770,-151
771,-142
772,-130
773,-78
774,-6
775,45
776,75
777,78
778,52
779,27
780,4
781,-7
782,-2
783,11
784,17
785,21
786,6
787,-7
788,-3
789,8
790,39
791,80
792,120
793,186
794,258
795,303
796,368
797,521
798,825
799,592
800,-203
801,-1159
802,-1691
803,-1472
804,-858
805,-470
806,-180
807,5
808,162
809,324
810,448
811,520
812,550
813,516
814,466
815,364
816,238
817,89
818,-40
819,-131
820,-219
821,-302
822,-370
823,-382
824,-356
825,-355
826,-366
827,-376
828,-342
829,-273
830,-237
831,-221
832,-208
833,-170
834,-93
835,-2
836,80
837,245
838,430
839,682
840,880
841,1017
842,947
843,275
844,-448
845,-1175
846,-1291
847,-1003
848,-659
849,-409
850,-224
851,-67
852,78
853,207
854,308
855,361
856,371
857,358
858,311
859,247
860,182
861,132
862,123
863,131
864,169
865,209
866,272
867,347
868,468
869,563
870,475
871,42
872,-651
873,-1133
874,-1284
875,-1062
876,-771
877,-601
878,-459
879,-344
880,-213
881,-39
882,111
883,268
884,375
885,439
886,449
887,425
888,373
889,315
890,256
891,208
892,163
893,124
894,89
895,65
896,54
897,52
898,73
899,84
900,100
901,129
902,146
903,127
904,87
905,77
906,200
907,395
908,583
909,592
910,330
911,-249
912,-958
913,-1413
914,-1458
915,-1149
916,-742
917,-362
918,-35
919,241
920,443
921,568
922,609
923,605
924,555
925,484
926,387
927,284
928,170
929,86
930,47
931,10
932,-15
933,-45
934,-69
935,-52
936,-36
937,5
938,-58
939,-430
940,-935
941,-1343
942,-1423
943,-1136
944,-787
945,-483
946,-216
947,-15
948,174
949,356
950,505
951,630
952,704
953,735
954,693
955,615
956,491
957,345
958,216
959,98
960,10
961,-57
962,-109
963,-132
964,-146
965,-147
966,-141
967,-124
968,-106
969,-85
970,-73
971,-51
972,-6
973,69
974,215
975,433
976,668
977,916
978,1023
979,1083
980,866
981,148
982,-685
983,-1466
984,-1552
985,-1232
986,-842
987,-537
988,-300
989,-98
990,56
991,171
992,252
993,272
994,256
995,212
996,153
997,110
998,54
999,10
1000,-12
1001,13
1002,72
1003,120
1004,162
1005,235
1006,352
1007,207
1008,-108
1009,-659
1010,-994
1011,-1117
1012,-1017
1013,-877
1014,-658
1015,-434
1016,-219
1017,-39
1018,120
1019,233
1020,306
1021,343
1022,350
1023,337
1024,321
1025,304
1026,289
1027,294
1028,294
1029,289
1030,283
1031,287
1032,314
1033,355
1034,452
1035,639
1036,855
1037,1014
1038,1027
1039,826
1040,400
1041,-337
1042,-1025
1043,-1486
1044,-1500
1045,-1189
1046,-782
1047,-419
1048,-119
1049,114
1050,300
1051,430
1052,517
1053,537
1054,520
1055,463
1056,390
1057,318
1058,280
1059,267
1060,270
1061,277
1062,275
1063,286
1064,306
1065,352
1066,391
1067,503
1068,508
1069,158
1070,-512
1071,-1159
1072,-1462
1073,-1304
1074,-958
1075,-758
1076,-634
1077,-506
1078,-341
1079,-121
1080,66
1081,218
1082,319
1083,381
1084,400
1085,386
1086,336
1087,269
1088,187
1089,117
1090,58
1091,10
1092,-34
1093,-72
1094,-102
1095,-113
1096,-126
1097,-121
1098,-117
1099,-112
1100,-88
1101,-61
1102,-36
1103,-40
1104,-77
1105,-129
1106,-179
1107,-221
1108,-262
1109,-276
1110,-247
1111,-112
1112,82
1113,308
1114,538
1115,675
1116,694
1117,414
1118,-102
1119,-789
1120,-1266
1121,-1349
1122,-1082
1123,-670
1124,-301
1125,4
1126,259
1127,444
1128,589
1129,652
1130,656
1131,602
1132,485
1133,340
1134,216
1135,178
1136,228
1137,320
1138,416
1139,496
1140,713
1141,871
1142,489
1143,-291
1144,-1159
1145,-1583
1146,-1426
1147,-981
1148,-580
1149,-221
1150,7
1151,167
1152,314
1153,460
1154,568
1155,613
1156,608
1157,568
1158,508
1159,432
1160,343
1161,257
1162,188
1163,138
1164,105
1165,81
1166,68
1167,56
1168,58
1169,52
1170,59
1171,74
1172,126
1173,154
1174,121
1175,-5
1176,-169
1177,-283
1178,-311
1179,-222
1180,-29
1181,179
1182,329
1183,437
1184,486
1185,546
1186,420
1187,-92
1188,-803
1189,-1411
1190,-1545
1191,-1191
1192,-710
1193,-311
1194,5
1195,261
1196,470
1197,603
1198,675
1199,682
1200,632
1201,508
1202,311
1203,95
1204,-45
1205,-94
1206,-100
1207,-77
1208,-56
1209,-3
1210,49
1211,44
1212,-302
1213,-846
1214,-1330
1215,-1523
1216,-1325
1217,-978
1218,-760
1219,-525
1220,-352
1221,-151
1222,71
1223,274
1224,438
1225,524
1226,566
1227,572
1228,520
1229,467
1230,409
1231,381
1232,370
1233,340
1234,298
1235,195
1236,70
1237,-79
1238,-211
1239,-298
1240,-317
1241,-226
1242,-71
1243,107
1244,222
1245,341
1246,468
1247,654
1248,825
1249,915
1250,163
1251,-652
1252,-1479
1253,-1559
1254,-1053
1255,-471
1256,-46
1257,261
1258,455
1259,601
1260,688
1261,708
1262,722
1263,707
1264,630
1265,452
1266,208
1267,-42
1268,-253
1269,-425
1270,-504
1271,-459
1272,-298
1273,-113
1274,17
1275,102
1276,191
1277,300
1278,368
1279,103
1280,-372
1281,-1040
1282,-1417
1283,-1426
1284,-1021
1285,-561
1286,-181
1287,67
1288,240
1289,398
1290,520
1291,578
1292,584
1293,534
1294,433
1295,291
1296,101
1297,-82
1298,-234
1299,-325
1300,-366
1301,-374
1302,-361
1303,-337
1304,-316
1305,-273
1306,-235
1307,-186
1308,-132
1309,-66
1310,8
1311,102
1312,203
1313,386
1314,614
1315,845
1316,1011
1317,1045
1318,1076
1319,873
1320,207
1321,-637
1322,-1341
1323,-1472
1324,-1166
1325,-810
1326,-527
1327,-315
1328,-141
1329,3
1330,102
1331,172
1332,188
1333,173
1334,136
1335,94
1336,80
1337,86
1338,87
1339,73
1340,81
1341,109
1342,173
1343,236
1344,291
1345,341
1346,262
1347,-118
1348,-594
1349,-1079
1350,-1311
1351,-1314
1352,-1199
1353,-982
1354,-747
1355,-536
1356,-320
1357,-95
1358,111
1359,259
1360,343
1361,365
1362,355
1363,305
1364,255
1365,196
1366,157
1367,124
1368,102
1369,88
1370,78
1371,50
1372,-5
1373,-58
1374,-94
1375,-104
1376,-73
1377,61
1378,274
1379,490
1380,439
1381,-58
1382,-624
1383,-1162
1384,-1345
1385,-1246
1386,-1041
1387,-728
1388,-377
1389,-56
1390,226
1391,461
1392,621
1393,695
1394,682
1395,613
1396,501
1397,371
1398,238
1399,125
1400,33
1401,-47
1402,-117
1403,-174
1404,-208
1405,-238
1406,-250
1407,-268
1408,-267
1409,-259
1410,-231
1411,-174
1412,-97
1413,7
1414,195
1415,483
1416,789
1417,1002
1418,987
1419,635
1420,176
1421,-507
1422,-905
1423,-1047
1424,-824
1425,-459
1426,-102
1427,188
1428,380
1429,483
1430,518
1431,506
1432,443
1433,347
1434,243
1435,147
1436,93
1437,87
1438,112
1439,160
1440,198
1441,222
1442,227
1443,227
1444,238
1445,279
1446,329
1447,349
1448,69
1449,-461
1450,-953
1451,-1192
1452,-974
1453,-605
1454,-415
1455,-361
1456,-412
1457,-397
1458,-272
1459,-100
1460,47
1461,146
1462,194
1463,227
1464,248
1465,263
1466,262
1467,246
1468,224
1469,194
1470,163
1471,133
1472,113
1473,98
1474,95
1475,88
1476,86
1477,89
1478,104
1479,121
1480,124
1481,137
1482,162
1483,242
1484,426
1485,724
1486,1055
1487,1211
1488,1108
1489,581
1490,-84
1491,-912
1492,-1412
1493,-1600
1494,-1390
1495,-1036
1496,-653
1497,-291
1498,30
1499,285
1500,460
1501,557
1502,577
1503,528
1504,451
1505,348
1506,241
1507,139
1508,60
1509,24
1510,66
1511,154
1512,260
1513,360
1514,418
1515,436
1516,416
1517,356
1518,281
1519,116
1520,-353
1521,-998
1522,-1483
1523,-1658
1524,-1405
1525,-1030
1526,-792
1527,-572
1528,-399
1529,-184
1530,70
1531,304
1532,484
1533,592
1534,626
1535,619
1536,561
1537,496
1538,412
1539,340
1540,270
1541,222
1542,177
1543,157
1544,139
1545,130
1546,67
1547,-21
1548,-147
1549,-268
1550,-350
1551,-405
1552,-413
1553,-406
1554,-364
1555,-301
1556,-218
1557,-97
1558,118
1559,392
1560,675
1561,862
1562,857
1563,559
1564,87
1565,-640
1566,-1051
1567,-1187
1568,-900
1569,-479
1570,-114
1571,156
1572,357
1573,466
1574,507
1575,459
1576,344
1577,218
1578,99
1579,-13
1580,-132
1581,-216
1582,-216
1583,-119
1584,26
1585,201
1586,316
1587,409
1588,501
1589,556
1590,610
1591,468
1592,68
1593,-451
1594,-897
1595,-988
1596,-790
1597,-486
1598,-175
1599,36
1600,149
1601,240
1602,302
1603,345
1604,334
1605,276
1606,182
1607,91
1608,1
1609,-61
1610,-100
1611,-114
1612,-110
1613,-84
1614,-41
1615,0
1616,31
1617,49
1618,66
1619,85
1620,110
1621,130
1622,166
1623,192
1624,194
1625,195
1626,287
1627,464
1628,670
1629,774
1630,761
1631,486
1632,73
1633,-750
1634,-1393
1635,-1733
1636,-1515
1637,-1079
1638,-633
1639,-284
1640,-3
1641,213
1642,363
1643,435
1644,436
1645,391
1646,333
1647,266
1648,198
1649,142
1650,97
1651,86
1652,105
1653,149
1654,184
1655,184
1656,143
1657,84
1658,52
1659,33
1660,63
1661,123
1662,162
1663,-82
1664,-585
1665,-1048
1666,-1309
1667,-1229
1668,-1006
1669,-884
1670,-645
1671,-425
1672,-169
1673,91
1674,318
1675,484
1676,554
1677,533
1678,443
1679,325
1680,235
1681,161
1682,87
1683,-12
1684,-128
1685,-247
1686,-314
1687,-362
1688,-363
1689,-359
1690,-341
1691,-313
1692,-269
1693,-208
1694,-105
1695,3
1696,173
1697,421
1698,652
1699,883
1700,921
1701,809
1702,481
1703,-71
1704,-612
1705,-1007
1706,-1052
1707,-765
1708,-364
1709,-8
1710,244
1711,388
1712,437
1713,407
1714,319
1715,209
1716,101
1717,6
1718,-62
1719,-122
1720,-167
1721,-188
1722,-132
1723,-11
1724,122
1725,251
1726,356
1727,442
1728,548
1729,608
1730,639
1731,500
1732,18
1733,-526
1734,-998
1735,-1099
1736,-899
1737,-651
1738,-422
1739,-314
1740,-302
1741,-253
1742,-164
1743,-58
1744,31
1745,92
1746,122
1747,140
1748,153
1749,150
1750,146
1751,129
1752,117
1753,99
1754,83
1755,70
1756,62
1757,58
1758,61
1759,61
1760,61
1761,54
1762,57
1763,62
1764,91
1765,137
1766,209
1767,329
1768,507
1769,757
1770,966
1771,983
1772,698
1773,139
1774,-695
1775,-1303
1776,-1633
1777,-1502
1778,-1157
1779,-746
1780,-385
1781,-67
1782,187
1783,367
1784,466
1785,487
1786,448
1787,377
1788,294
1789,201
1790,114
1791,40
1792,-17
1793,-52
1794,-72
1795,-56
1796,-55
1797,-88
1798,-155
1799,-248
1800,-340
1801,-392
1802,-394
1803,-338
1804,-130
1805,137
1806,452
1807,669
1808,590
1809,222
1810,-196
1811,-753
1812,-962
1813,-1048
1814,-819
1815,-509
1816,-184
1817,101
1818,336
1819,513
1820,603
1821,608
1822,548
1823,460
1824,344
1825,200
1826,58
1827,-75
1828,-165
1829,-224
1830,-267
1831,-285
1832,-262
1833,-215
1834,-124
1835,34
1836,330
1837,746
1838,983
1839,714
1840,-62
1841,-745
1842,-1004
1843,-652
1844,-141
1845,240
1846,435
1847,488
1848,446
1849,430
1850,471
1851,525
1852,535
1853,480
1854,384
1855,267
1856,149
1857,32
1858,-56
1859,-117
1860,-144
1861,-152
1862,-138
1863,-118
1864,-94
1865,-86
1866,-81
1867,-75
1868,-62
1869,-38
1870,16
1871,105
1872,301
1873,555
1874,783
1875,941
1876,912
1877,652
1878,197
1879,-451
1880,-956
1881,-1260
1882,-1018
1883,-573
1884,-83
1885,228
1886,346
1887,319
1888,242
1889,164
1890,84
1891,2
1892,-61
1893,-120
1894,-138
1895,-136
1896,-101
1897,-76
1898,-59
1899,-61
1900,-69
1901,-71
1902,-58
1903,-26
1904,42
1905,136
1906,272
1907,430
1908,601
1909,703
1910,778
1911,612
1912,424
1913,6
1914,-566
1915,-1154
1916,-1666
1917,-1762
1918,-1572
1919,-1239
1920,-927
1921,-639
1922,-384
1923,-182
1924,-56
1925,-13
1926,7
1927,-1
1928,-13
1929,-38
1930,-64
1931,-85
1932,-98
1933,-95
1934,-77
1935,-39
1936,-4
1937,59
1938,212
1939,441
1940,702
1941,901
1942,929
1943,848
1944,462
1945,2
1946,-768
1947,-1368
1948,-1747
1949,-1686
1950,-1359
1951,-918
1952,-513
1953,-195
1954,55
1955,248
1956,374
1957,416
1958,404
1959,332
1960,248
1961,171
1962,106
1963,53
1964,14
1965,-18
1966,-40
1967,-46
1968,-43
1969,-33
1970,-20
1971,-10
1972,4
1973,27
1974,72
1975,114
1976,124
1977,67
1978,-31
1979,-131
1980,-211
1981,-241
1982,-172
1983,-10
1984,216
1985,446
1986,537
1987,491
1988,97
1989,-296
1990,-810
1991,-1052
1992,-1096
1993,-873
1994,-570
1995,-229
1996,75
1997,334
1998,535
1999,664
2000,711
2001,690
2002,592
2003,478
2004,398
2005,366
2006,338
2007,274
2008,174
2009,43
2010,-24
2011,-51
2012,-28
2013,-41
2014,-336
2015,-750
2016,-1131
2017,-1067
2018,-702
2019,-227
2020,-76
2021,-267
2022,-518
2023,-643
2024,-513
2025,-234
2026,30
2027,231
2028,357
2029,401
2030,395
2031,357
2032,331
2033,311
2034,288
2035,271
2036,280
2037,326
2038,366
2039,330
2040,235
2041,90
2042,-27
2043,-111
2044,-174
2045,-189
2046,-140
2047,-2
2048,199
2049,378
2050,484
2051,606
2052,695
2053,838
2054,846
2055,593
2056,23
2057,-653
2058,-1168
2059,-1291
2060,-979
2061,-541
2062,-124
2063,177
2064,393
2065,525
2066,569
2067,556
2068,450
2069,315
2070,156
2071,6
2072,-134
2073,-271
2074,-388
2075,-451
2076,-464
2077,-435
2078,-384
2079,-317
2080,-205
2081,-69
2082,126
2083,395
2084,631
2085,839
2086,933
2087,964
2088,796
2089,507
2090,-117
2091,-707
2092,-1128
2093,-1205
2094,-1015
2095,-709
2096,-432
2097,-224
2098,-68
2099,51
2100,112
2101,118
2102,87
2103,58
2104,39
2105,27
2106,16
2107,9
2108,-2
2109,-17
2110,-29
2111,-35
2112,-20
2113,17
2114,83
2115,202
2116,409
2117,609
2118,759
2119,806
2120,819
2121,842
2122,804
2123,491
2124,-156
2125,-835
2126,-1362
2127,-1330
2128,-1065
2129,-722
2130,-446
2131,-261
2132,-119
2133,-12
2134,54
2135,72
2136,60
2137,39
2138,12
2139,-11
2140,-28
2141,-46
2142,-50
2143,-26
2144,24
2145,73
2146,124
2147,222
2148,407
2149,643
2150,833
2151,937
2152,886
2153,827
2154,727
2155,609
2156,220
2157,-440
2158,-1210
2159,-1667
2160,-1666
2161,-1255
2162,-846
2163,-505
2164,-262
2165,-77
2166,106
2167,266
2168,378
2169,425
2170,421
2171,378
2172,330
2173,284
2174,241
2175,168
2176,95
2177,16
2178,-40
2179,-70
2180,-53
2181,-2
2182,38
2183,35
2184,-24
2185,-105
2186,-161
2187,-198
2188,-219
2189,-238
2190,-231
2191,-197
2192,-146
2193,-98
2194,-61
2195,-33
2196,-1
2197,17
2198,36
2199,35
2200,32
2201,16
2202,8
2203,1
2204,-4
2205,1
2206,-1
2207,-7
2208,-31
2209,-45
2210,-46
2211,-1
2212,89
2213,276
2214,511
2215,746
2216,989
2217,1021
2218,727
2219,182
2220,-648
2221,-1201
2222,-1442
2223,-1396
2224,-1120
2225,-893
2226,-720
2227,-594
2228,-479
2229,-339
2230,-180
2231,-46
2232,23
2233,33
2234,-18
2235,-106
2236,-213
2237,-309
2238,-360
2239,-399
2240,-410
2241,-410
2242,-360
2243,-237
2244,-49
2245,168
2246,403
2247,562
2248,607
2249,538
2250,359
2251,-13
2252,-394
2253,-787
2254,-902
2255,-821
2256,-718
2257,-634
2258,-561
2259,-365
2260,-136
2261,119
2262,346
2263,520
2264,627
2265,653
2266,642
2267,583
2268,524
2269,462
2270,407
2271,359
2272,291
2273,222
2274,159
2275,122
2276,108
2277,94
2278,73
2279,66
2280,90
2281,173
2282,246
2283,230
2284,121
2285,-38
2286,-164
2287,-234
2288,-251
2289,-206
2290,-56
2291,166
2292,379
2293,495
2294,575
2295,609
2296,712
2297,687
2298,487
2299,-3
2300,-610
2301,-1056
2302,-1198
2303,-992
2304,-599
2305,-247
2306,57
2307,283
2308,449
2309,532
2310,519
2311,409
2312,223
2313,30
2314,-150
2315,-284
2316,-372
2317,-404
2318,-401
2319,-371
2320,-326
2321,-275
2322,-223
2323,-166
2324,-86
2325,13
2326,183
2327,405
2328,590
2329,762
2330,853
2331,962
2332,1046
2333,1217
2334,854
2335,140
2336,-797
2337,-1395
2338,-1209
2339,-616
2340,-2
2341,392
2342,574
2343,611
2344,568
2345,444
2346,286
2347,136
2348,47
2349,-17
2350,-74
2351,-155
2352,-223
2353,-261
2354,-262
2355,-240
2356,-192
2357,-129
2358,-49
2359,12
2360,80
2361,131
2362,180
2363,231
2364,264
2365,293
2366,300
2367,267
2368,231
2369,171
2370,119
2371,40
2372,-59
2373,-155
2374,-238
2375,-295
2376,-312
2377,-309
2378,-273
2379,-234
2380,-196
2381,-158
2382,-117
2383,-72
2384,-9
2385,151
2386,354
2387,568
2388,738
2389,715
2390,625
2391,399
2392,-42
2393,-570
2394,-978
2395,-1100
2396,-950
2397,-708
2398,-524
2399,-402
2400,-326
2401,-276
2402,-206
2403,-121
2404,-20
2405,31
2406,1
2407,-111
2408,-285
2409,-486
2410,-643
2411,-732
2412,-751
2413,-733
2414,-681
2415,-518
2416,-286
2417,-90
2418,38
2419,106
2420,240
2421,467
2422,738
2423,903
2424,593
2425,-9
2426,-645
2427,-837
2428,-505
2429,53
2430,494
2431,756
2432,760
2433,653
2434,451
2435,242
2436,89
2437,19
2438,15
2439,12
2440,-15
2441,-42
2442,-45
2443,-44
2444,-65
2445,-108
2446,-131
2447,-117
2448,-81
2449,-53
2450,-41
2451,-9
2452,40
2453,101
2454,132
2455,151
2456,159
2457,170
2458,174
2459,175
2460,178
2461,176
2462,176
2463,173
2464,165
2465,177
2466,219
2467,292
2468,312
2469,255
2470,124
2471,-21
2472,-140
2473,-215
2474,-210
2475,-87
2476,100
2477,250
2478,319
2479,363
2480,397
2481,390
2482,224
2483,-200
2484,-746
2485,-1096
2486,-1156
2487,-954
2488,-606
2489,-338
2490,-159
2491,-86
2492,-88
2493,-89
2494,-74
2495,-51
2496,-83
2497,-155
2498,-270
2499,-372
2500,-475
2501,-569
2502,-642
2503,-665
2504,-644
2505,-628
2506,-608
2507,-584
2508,-533
2509,-448
2510,-369
2511,-290
2512,-182
2513,51
2514,300
2515,532
2516,722
2517,793
2518,913
2519,999
2520,1012
2521,509
2522,-226
2523,-947
2524,-1153
2525,-746
2526,-194
2527,252
2528,505
2529,678
2530,826
2531,920
2532,883
2533,715
2534,457
2535,222
2536,23
2537,-111
2538,-208
2539,-252
2540,-261
2541,-245
2542,-215
2543,-167
2544,-109
2545,-55
2546,-8
2547,38
2548,89
2549,141
2550,184
2551,223
2552,256
2553,282
2554,299
2555,310
2556,316
2557,318
2558,314
2559,318
2560,339
2561,341
2562,276
2563,162
2564,12
2565,-99
2566,-192
2567,-260
2568,-276
2569,-234
2570,-169
2571,-30
2572,151
2573,365
2574,511
2575,613
2576,646
2577,698
2578,621
2579,278
2580,-247
2581,-830
2582,-1172
2583,-1212
2584,-997
2585,-719
2586,-500
2587,-339
2588,-224
2589,-144
2590,-117
2591,-110
2592,-155
2593,-222
2594,-290
2595,-348
2596,-394
2597,-439
2598,-475
2599,-500
2600,-520
2601,-504
2602,-424
2603,-197
2604,-9
2605,157
2606,276
2607,433
2608,663
2609,559
2610,169
2611,-403
2612,-817
2613,-840
2614,-494
2615,-68
2616,323
2617,551
2618,638
2619,629
2620,586
2621,527
2622,449
2623,376
2624,274
2625,180
2626,90
2627,19
2628,-27
2629,-55
2630,-56
2631,-45
2632,-18
2633,4
2634,15
2635,34
2636,49
2637,82
2638,112
2639,151
2640,195
2641,242
2642,288
2643,424
2644,573
2645,701
2646,800
2647,833
2648,961
2649,1070
2650,1225
2651,966
2652,214
2653,-776
2654,-1460
2655,-1473
2656,-930
2657,-447
2658,-81
2659,115
2660,196
2661,175
2662,71
2663,-48
2664,-82
2665,-46
2666,18
2667,34
2668,26
2669,11
2670,-14
2671,-56
2672,-86
2673,-98
2674,-91
2675,-48
2676,11
2677,92
2678,154
2679,173
2680,124
2681,22
2682,-80
2683,-165
2684,-212
2685,-235
2686,-235
2687,-219
2688,-186
2689,-142
2690,-91
2691,-34
2692,3
2693,33
2694,49
2695,44
2696,19
2697,-7
2698,-35
2699,-53
2700,-67
2701,-47
2702,27
2703,250
2704,402
2705,531
2706,519
2707,369
2708,160
2709,-163
2710,-665
2711,-1141
2712,-1483
2713,-1486
2714,-1249
2715,-908
2716,-628
2717,-413
2718,-303
2719,-290
2720,-306
2721,-349
2722,-359
2723,-351
2724,-328
2725,-311
2726,-321
2727,-351
2728,-413
2729,-458
2730,-482
2731,-469
2732,-447
2733,-458
2734,-469
2735,-461
2736,-426
2737,-368
2738,-313
2739,-267
2740,-218
2741,-152
2742,-49
2743,38
2744,50
2745,-21
2746,-149
2747,-234
2748,-237
2749,-180
2750,-25
2751,204
2752,406
2753,522
2754,483
2755,396
2756,273
2757,-60
2758,-307
2759,-718
2760,-851
2761,-872
2762,-633
2763,-328
2764,-3
2765,291
2766,550
2767,742
2768,839
2769,801
2770,644
2771,418
2772,201
2773,29
2774,-70
2775,-116
2776,-83
2777,15
2778,169
2779,292
2780,420
2781,483
2782,501
2783,485
2784,428
2785,385
2786,370
2787,313
2788,113
2789,-101
2790,-212
2791,-116
2792,58
2793,43
2794,-142
2795,-373
2796,-580
2797,-630
2798,-544
2799,-333
2800,-101
2801,75
2802,163
2803,164
2804,6
2805,-241
2806,-459
2807,-513
2808,-396
2809,-228
2810,-97
2811,-23
2812,15
2813,41
2814,68
2815,107
2816,143
2817,215
2818,265
2819,329
2820,369
2821,407
2822,469
2823,636
2824,850
2825,1043
2826,1131
2827,1135
2828,1142
2829,1261
2830,1309
2831,1154
2832,564
2833,-206
2834,-929
2835,-1259
2836,-1247
2837,-1005
2838,-790
2839,-610
2840,-461
2841,-256
2842,-14
2843,180
2844,293
2845,300
2846,240
2847,159
2848,109
2849,100
2850,107
2851,116
2852,129
2853,151
2854,178
2855,205
2856,232
2857,248
2858,259
2859,260
2860,254
2861,242
2862,222
2863,197
2864,171
2865,169
2866,175
2867,198
2868,192
2869,126
2870,26
2871,-87
2872,-166
2873,-202
2874,-195
2875,-107
2876,54
2877,272
2878,411
2879,464
2880,506
2881,504
2882,564
2883,439
2884,93
2885,-355
2886,-946
2887,-1194
2888,-1213
2889,-946
2890,-640
2891,-398
2892,-216
2893,-76
2894,41
2895,89
2896,49
2897,-66
2898,-196
2899,-291
2900,-356
2901,-428
2902,-498
2903,-553
2904,-594
2905,-616
2906,-612
2907,-570
2908,-495
2909,-385
2910,-253
2911,-18
2912,214
2913,415
2914,556
2915,614
2916,748
2917,862
2918,1000
2919,857
2920,305
2921,-466
2922,-1075
2923,-1131
2924,-708
2925,-202
2926,182
2927,366
2928,413
2929,390
2930,355
2931,335
2932,375
2933,463
2934,537
2935,554
2936,498
2937,373
2938,216
2939,40
2940,-152
2941,-313
2942,-397
2943,-382
2944,-320
2945,-239
2946,-163
2947,-61
2948,74
2949,263
2950,458
2951,626
2952,752
2953,793
2954,835
2955,857
2956,856
2957,807
2958,455
2959,-116
2960,-678
2961,-986
2962,-929
2963,-823
2964,-771
2965,-881
2966,-879
2967,-827
2968,-668
2969,-444
2970,-190
2971,-11
2972,6
2973,-148
2974,-346
2975,-455
2976,-418
2977,-317
2978,-234
2979,-183
2980,-151
2981,-116
2982,-73
2983,-22
2984,40
2985,96
2986,146
2987,183
2988,209
2989,223
2990,223
2991,223
2992,230
2993,244
2994,265
2995,295
2996,304
2997,251
2998,150
2999,23
3000,-71
3001,-133
3002,-185
3003,-207
3004,-202
3005,-169
3006,-118
3007,-75
3008,-6
3009,150
3010,276
3011,387
3012,439
3013,350
3014,287
3015,150
3016,-96
3017,-460
3018,-837
3019,-1044
3020,-914
3021,-647
3022,-391
3023,-179
3024,-37
3025,51
3026,78
3027,23
3028,-123
3029,-332
3030,-517
3031,-600
3032,-587
3033,-523
3034,-483
3035,-453
3036,-441
3037,-405
3038,-339
3039,-295
3040,-284
3041,-290
3042,-278
3043,-219
3044,-61
3045,181
3046,376
3047,556
3048,680
3049,788
3050,943
3051,1013
3052,1149
3053,894
3054,320
3055,-486
3056,-1017
3057,-954
3058,-441
3059,135
3060,542
3061,726
3062,744
3063,584
3064,383
3065,164
3066,13
3067,-61
3068,-87
3069,-57
3070,-27
3071,7
3072,-3
3073,10
3074,15
3075,52
3076,94
3077,148
3078,209
3079,276
3080,345
3081,395
3082,420
3083,425
3084,410
3085,386
3086,356
3087,313
3088,265
3089,193
3090,114
3091,32
3092,-26
3093,-60
3094,-74
3095,-86
3096,-103
3097,-108
3098,-100
3099,-80
3100,-65
3101,-65
3102,-67
3103,-79
3104,-76
3105,-62
3106,-17
3107,122
3108,302
3109,429
3110,514
3111,417
3112,280
3113,74
3114,-203
3115,-564
3116,-861
3117,-1091
3118,-1051
3119,-829
3120,-558
3121,-330
3122,-180
3123,-141
3124,-195
3125,-315
3126,-456
3127,-541
3128,-547
3129,-514
3130,-486
3131,-485
3132,-481
3133,-459
3134,-385
3135,-296
3136,-214
3137,-189
3138,-199
3139,-209
3140,-181
3141,-106
3142,29
3143,183
3144,331
3145,444
3146,536
3147,635
3148,663
3149,649
3150,392
3151,-84
3152,-599
3153,-814
3154,-686
3155,-500
3156,-440
3157,-554
3158,-598
3159,-507
3160,-311
3161,-55
3162,220
3163,451
3164,579
3165,510
3166,334
3167,147
3168,54
3169,75
3170,107
3171,129
3172,142
3173,158
3174,163
3175,162
3176,161
3177,164
3178,186
3179,207
3180,230
3181,231
3182,206
3183,185
3184,154
3185,124
3186,66
3187,-29
3188,-131
3189,-202
3190,-226
3191,-207
3192,-158
3193,-7
3194,146
3195,259
3196,295
3197,197
3198,172
3199,120
3200,2
3201,-402
3202,-765
3203,-1052
3204,-929
3205,-649
3206,-342
3207,-97
3208,124
3209,301
3210,454
3211,461
3212,329
3213,157
3214,-7
3215,-97
3216,-153
3217,-192
3218,-211
3219,-202
3220,-183
3221,-176
3222,-149
3223,-122
3224,-76
3225,-27
3226,85
3227,291
3228,463
3229,640
3230,738
3231,803
3232,878
3233,904
3234,941
3235,1061
3236,880
3237,370
3238,-534
3239,-1205
3240,-1354
3241,-886
3242,-222
3243,321
3244,595
3245,610
3246,450
3247,46
3248,-408
3249,-721
3250,-761
3251,-518
3252,-220
3253,-26
3254,49
3255,58
3256,27
3257,-7
3258,-22
3259,-13
3260,-4
3261,6
3262,33
3263,78
3264,133
3265,183
3266,220
3267,245
3268,260
3269,280
3270,281
3271,288
3272,297
3273,296
3274,315
3275,321
3276,345
3277,343
3278,285
3279,147
3280,-28
3281,-193
3282,-290
3283,-330
3284,-305
3285,-257
3286,-203
3287,-160
3288,-118
3289,-102
3290,-76
3291,-42
3292,65
3293,238
3294,366
3295,460
3296,371
3297,229
3298,69
3299,-230
3300,-601
3301,-954
3302,-1120
3303,-1023
3304,-725
3305,-432
3306,-207
3307,-45
3308,52
3309,34
3310,-91
3311,-271
3312,-424
3313,-464
3314,-439
3315,-403
3316,-393
3317,-417
3318,-434
3319,-434
3320,-404
3321,-374
3322,-360
3323,-368
3324,-360
3325,-299
3326,-207
3327,-17
3328,207
3329,372
3330,545
3331,642
3332,750
3333,866
3334,916
3335,1007
3336,1096
3337,904
3338,385
3339,-483
3340,-1067
3341,-1190
3342,-807
3343,-295
3344,82
3345,259
3346,228
3347,113
3348,-89
3349,-331
3350,-455
3351,-477
3352,-380
3353,-212
3354,-63
3355,63
3356,154
3357,203
3358,221
3359,230
3360,233
3361,240
3362,263
3363,291
3364,321
3365,344
3366,385
3367,433
3368,494
3369,519
3370,492
3371,397
3372,272
3373,138
3374,24
3375,-55
3376,-104
3377,-134
3378,-130
3379,-121
3380,-100
3381,-83
3382,-60
3383,-40
3384,-25
3385,-26
3386,-49
3387,-65
3388,-70
3389,-50
3390,-23
3391,5
3392,89
3393,261
3394,374
3395,450
3396,430
3397,329
3398,309
3399,290
3400,151
3401,-110
3402,-467
3403,-813
3404,-884
3405,-852
3406,-776
3407,-690
3408,-580
3409,-479
3410,-462
3411,-536
3412,-641
3413,-683
3414,-615
3415,-510
3416,-417
3417,-355
3418,-343
3419,-313
3420,-266
3421,-184
3422,-122
3423,-112
3424,-130
3425,-163
3426,-172
3427,-164
3428,-149
3429,-103
3430,-59
3431,26
3432,256
3433,455
3434,593
3435,635
3436,533
3437,519
3438,513
3439,546
3440,717
3441,495
3442,-42
3443,-942
3444,-1429
3445,-1354
3446,-735
3447,-70
3448,375
3449,664
3450,773
3451,692
3452,471
3453,132
3454,-111
3455,-171
3456,-51
3457,124
3458,291
3459,357
3460,369
3461,317
3462,250
3463,205
3464,181
3465,180
3466,166
3467,124
3468,58
3469,-18
3470,-98
3471,-195
3472,-285
3473,-324
3474,-284
3475,-177
3476,5
3477,168
3478,311
3479,476
3480,584
3481,740
3482,880
3483,971
3484,1137
3485,950
3486,390
3487,-570
3488,-1228
3489,-1285
3490,-777
3491,-188
3492,211
3493,448
3494,569
3495,563
3496,410
3497,123
3498,-144
3499,-305
3500,-315
3501,-292
3502,-322
3503,-410
3504,-510
3505,-563
3506,-554
3507,-479
3508,-386
3509,-294
3510,-207
3511,-114
3512,-30
3513,49
3514,104
3515,142
3516,163
3517,178
3518,177
3519,188
3520,178
3521,175
3522,169
3523,162
3524,157
3525,146
3526,137
3527,141
3528,149
3529,156
3530,169
3531,149
3532,99
3533,10
3534,-96
3535,-183
3536,-236
3537,-244
3538,-217
3539,-165
3540,-93
3541,-49
3542,-11
3543,4
3544,50
3545,204
3546,357
3547,484
3548,425
3549,231
3550,35
3551,-245
3552,-468
3553,-811
3554,-1006
3555,-1064
3556,-942
3557,-726
3558,-469
3559,-220
3560,17
3561,198
3562,210
3563,105
3564,-41
3565,-168
3566,-224
3567,-300
3568,-407
3569,-495
3570,-554
3571,-592
3572,-591
3573,-590
3574,-584
3575,-570
3576,-540
3577,-453
3578,-312
3579,-149
3580,16
3581,173
3582,302
3583,379
3584,402
3585,390
3586,358
3587,322
3588,282
3589,256
3590,252
3591,259
3592,263
3593,256
3594,252
3595,255
3596,236
3597,236
3598,235
3599,277
3600,356
3601,466
3602,357
3603,-198
3604,-1032
3605,-1610
3606,-1676
3607,-1059
3608,-426
3609,-15
3610,118
3611,-75
3612,-479
3613,-797
3614,-805
3615,-425
3616,87
3617,479
3618,680
3619,821
3620,870
3621,861
3622,839
3623,758
3624,651
3625,547
3626,473
3627,442
3628,394
3629,325
3630,221
3631,106
3632,-4
3633,-104
3634,-161
3635,-199
3636,-197
3637,-188
3638,-145
3639,-127
3640,-108
3641,-90
3642,-56
3643,1
3644,77
3645,224
3646,449
3647,648
3648,814
3649,885
3650,900
3651,942
3652,936
3653,913
3654,831
3655,478
3656,-111
3657,-772
3658,-1154
3659,-1085
3660,-705
3661,-323
3662,-155
3663,-132
3664,-137
3665,-137
3666,-123
3667,-294
3668,-493
3669,-686
3670,-679
3671,-497
3672,-262
3673,-96
3674,-17
3675,27
3676,55
3677,89
3678,136
3679,185
3680,234
3681,272
3682,302
3683,314
3684,311
3685,286
3686,226
3687,189
3688,158
3689,139
3690,121
3691,83
3692,21
3693,-63
3694,-163
3695,-249
3696,-298
3697,-299
3698,-284
3699,-264
3700,-231
3701,-185
3702,-78
3703,126
3704,312
3705,476
3706,580
3707,619
3708,662
3709,662
3710,698
3711,782
3712,589
3713,-58
3714,-909
3715,-1499
3716,-1485
3717,-1039
3718,-548
3719,-221
3720,-111
3721,-45
3722,-71
3723,-191
3724,-385
3725,-538
3726,-557
3727,-414
3728,-272
3729,-194
3730,-173
3731,-177
3732,-196
3733,-213
3734,-224
3735,-218
3736,-195
3737,-161
3738,-126
3739,-82
3740,-39
3741,17
3742,56
3743,93
3744,125
3745,151
3746,185
3747,236
3748,272
3749,314
3750,349
3751,395
3752,440
3753,478
3754,474
3755,407
3756,281
3757,127
3758,-22
3759,-145
3760,-243
3761,-306
3762,-342
3763,-341
3764,-304
3765,-238
3766,-124
3767,101
3768,288
3769,415
3770,379
3771,205
3772,100
3773,-16
3774,-145
3775,-387
3776,-737
3777,-964
3778,-922
3779,-643
3780,-260
3781,103
3782,373
3783,451
3784,327
3785,136
3786,-32
3787,-59
3788,-69
3789,-134
3790,-207
3791,-273
3792,-302
3793,-335
3794,-367
3795,-374
3796,-346
3797,-298
3798,-227
3799,-181
3800,-139
3801,-130
3802,-123
3803,-112
3804,-80
3805,-38
3806,-13
3807,3
3808,28
3809,90
3810,153
3811,230
3812,256
3813,274
3814,273
3815,263
3816,263
3817,257
3818,249
3819,246
3820,256
3821,300
3822,377
3823,466
3824,525
3825,511
3826,451
3827,460
3828,532
3829,596
3830,617
3831,519
3832,399
3833,281
3834,111
3835,-66
3836,-342
3837,-743
3838,-1124
3839,-1371
3840,-1328
3841,-1120
3842,-850
3843,-649
3844,-455
3845,-299
3846,-113
3847,73
3848,94
3849,17
3850,-113
3851,-138
3852,-80
3853,0
3854,33
3855,25
3856,-8
3857,-41
3858,-81
3859,-102
3860,-125
3861,-150
3862,-182
3863,-210
3864,-228
3865,-219
3866,-154
3867,-88
3868,-38
3869,-34
3870,-39
3871,-58
3872,-2
3873,182
3874,377
3875,547
3876,558
3877,456
3878,395
3879,351
3880,374
3881,458
3882,499
3883,267
3884,-187
3885,-816
3886,-1090
3887,-924
3888,-475
3889,46
3890,311
3891,436
3892,427
3893,282
3894,108
3895,-208
3896,-488
3897,-669
3898,-642
3899,-395
3900,-139
3901,46
3902,88
3903,67
3904,51
3905,47
3906,71
3907,114
3908,179
3909,231
3910,288
3911,326
3912,358
3913,379
3914,391
3915,384
3916,360
3917,334
3918,294
3919,258
3920,213
3921,193
3922,173
3923,183
3924,178
3925,173
3926,151
3927,124
3928,88
3929,58
3930,33
3931,2
3932,-27
3933,-56
3934,-59
3935,-34
3936,36
3937,219
3938,380
3939,467
3940,419
3941,244
3942,93
3943,-48
3944,-224
3945,-472
3946,-768
3947,-1071
3948,-1218
3949,-1058
3950,-640
3951,-154
3952,231
3953,438
3954,384
3955,189
3956,-78
3957,-245
3958,-284
3959,-287
3960,-319
3961,-376
3962,-423
3963,-433
3964,-402
3965,-328
3966,-242
3967,-137
3968,-67
3969,-12
3970,18
3971,41
3972,69
3973,92
3974,102
3975,105
3976,111
3977,111
3978,126
3979,146
3980,168
3981,199
3982,234
3983,268
3984,295
3985,307
3986,294
3987,251
3988,188
3989,130
3990,85
3991,71
3992,50
3993,41
3994,24
3995,16
3996,27
3997,54
3998,98
3999,147
4000,219
4001,391
4002,555
4003,672
4004,692
4005,538
4006,356
4007,121
4008,-78
4009,-224
4010,-435
4011,-673
4012,-1027
4013,-1202
4014,-1109
4015,-732
4016,-348
4017,-86
4018,-51
4019,-41
4020,16
4021,45
4022,40
4023,-5
4024,-20
4025,94
4026,210
4027,207
4028,91
4029,-86
4030,-250
4031,-340
4032,-364
4033,-343
4034,-297
4035,-234
4036,-168
4037,-95
4038,-55
4039,-23
4040,-14
4041,-4
4042,-1
4043,-8
4044,-28
4045,-43
4046,-51
4047,-51
4048,-20
4049,25
4050,96
4051,247
4052,439
4053,628
4054,721
4055,729
4056,661
4057,620
4058,580
4059,555
4060,614
4061,681
4062,528
4063,-65
4064,-1018
4065,-1617
4066,-1631
4067,-1107
4068,-526
4069,-230
4070,-17
4071,112
4072,209
4073,119
4074,-136
4075,-398
4076,-470
4077,-311
4078,-51
4079,189
4080,323
4081,360
4082,311
4083,241
4084,205
4085,195
4086,182
4087,188
4088,219
4089,268
4090,334
4091,386
4092,405
4093,380
4094,294
4095,32
