,-27
0,-27
1,-34
2,-26
3,-29
4,-32
5,-32
6,-28
7,-29
8,-26
9,-27
10,-38
11,-51
12,-53
13,-40
14,-24
15,-19
16,-14
17,-13
18,-9
19,-8
20,-3
21,-4
22,-6
23,-4
24,-5
25,-12
26,-19
27,-28
28,-28
29,-41
30,-54
31,-64
32,-65
33,-65
34,-60
35,-55
36,-62
37,-60
38,-54
39,-57
40,-61
41,-72
42,-77
43,-76
44,-77
45,-75
46,-64
47,-55
48,-41
49,-33
50,-27
51,-17
52,-12
53,-13
54,-7
55,-1
56,19
57,23
58,30
59,19
60,10
61,-7
62,-11
63,-21
64,-35
65,-38
66,-42
67,-36
68,-34
69,-29
70,-21
71,-9
72,-3
73,12
74,19
75,19
76,23
77,14
78,13
79,12
80,19
81,24
82,22
83,20
84,11
85,-8
86,-24
87,-34
88,-44
89,-48
90,-38
91,-27
92,-20
93,-21
94,-25
95,-26
96,-26
97,-29
98,-40
99,-53
100,-64
101,-67
102,-64
103,-59
104,-58
105,-64
106,-69
107,-62
108,-56
109,-53
110,-58
111,-60
112,-56
113,-56
114,-54
115,-53
116,-53
117,-40
118,-26
119,-19
120,-22
121,-15
122,-4
123,-1
124,-1
125,10
126,19
127,27
128,32
129,35
130,26
131,28
132,22
133,21
134,22
135,18
136,17
137,8
138,3
139,3
140,12
141,18
142,39
143,49
144,57
145,65
146,66
147,70
148,69
149,65
150,60
151,55
152,46
153,37
154,30
155,20
156,12
157,10
158,6
159,8
160,17
161,17
162,0
163,-10
164,-29
165,-36
166,-37
167,-45
168,-42
169,-41
170,-28
171,-12
172,0
173,17
174,29
175,27
176,12
177,-10
178,-27
179,-41
180,-52
181,-49
182,-47
183,-32
184,-24
185,-14
186,-9
187,9
188,26
189,30
190,19
191,13
192,-3
193,-15
194,-23
195,-25
196,-14
197,-5
198,4
199,12
200,16
201,15
202,1
203,-9
204,-12
205,-15
206,-20
207,-26
208,-19
209,-7
210,1
211,0
212,0
213,-1
214,0
215,0
216,3
217,4
218,5
219,7
220,8
221,11
222,13
223,15
224,4
225,-4
226,-5
227,-12
228,-12
229,-17
230,-22
231,-24
232,-31
233,-30
234,-47
235,-45
236,-38
237,-31
238,-26
239,-21
240,-8
241,-1
242,7
243,16
244,32
245,50
246,61
247,61
248,58
249,51
250,50
251,35
252,16
253,2
254,3
255,4
256,8
257,9
258,15
259,18
260,16
261,12
262,5
263,-5
264,-9
265,-12
266,-8
267,-4
268,-6
269,-15
270,-20
271,-33
272,-44
273,-47
274,-46
275,-46
276,-52
277,-46
278,-43
279,-42
280,-55
281,-65
282,-69
283,-73
284,-79
285,-83
286,-100
287,-106
288,-113
289,-112
290,-110
291,-106
292,-101
293,-106
294,-99
295,-83
296,-58
297,-37
298,-29
299,-17
300,-11
301,4
302,13
303,14
304,14
305,14
306,18
307,20
308,18
309,13
310,3
311,-8
312,-15
313,-18
314,-22
315,-23
316,-25
317,-19
318,-14
319,-1
320,3
321,-2
322,-15
323,-20
324,-15
325,-6
326,-9
327,-12
328,-13
329,0
330,11
331,10
332,4
333,7
334,9
335,10
336,0
337,-2
338,-16
339,-16
340,-22
341,-27
342,-42
343,-52
344,-45
345,-37
346,-24
347,-18
348,-9
349,-5
350,6
351,15
352,26
353,38
354,52
355,62
356,68
357,75
358,80
359,75
360,64
361,52
362,37
363,14
364,6
365,-2
366,-6
367,-10
368,-16
369,-23
370,-23
371,-23
372,-21
373,-11
374,-3
375,14
376,25
377,38
378,52
379,59
380,69
381,72
382,78
383,74
384,67
385,55
386,47
387,43
388,32
389,32
390,27
391,19
392,11
393,10
394,8
395,9
396,7
397,-1
398,5
399,14
400,21
401,18
402,22
403,27
404,39
405,53
406,72
407,85
408,87
409,85
410,82
411,79
412,79
413,81
414,75
415,72
416,64
417,71
418,72
419,65
420,54
421,41
422,27
423,23
424,15
425,10
426,20
427,32
428,48
429,51
430,51
431,40
432,40
433,43
434,58
435,52
436,50
437,46
438,35
439,27
440,20
441,25
442,32
443,32
444,38
445,31
446,29
447,23
448,20
449,20
450,18
451,18
452,7
453,0
454,-4
455,7
456,14
457,12
458,20
459,23
460,37
461,46
462,47
463,41
464,21
465,12
466,8
467,3
468,-5
469,-15
470,-32
471,-36
472,-30
473,-19
474,-11
475,-18
476,-25
477,-37
478,-40
479,-49
480,-53
481,-57
482,-46
483,-32
484,-21
485,-9
486,3
487,16
488,21
489,19
490,3
491,-18
492,-35
493,-44
494,-46
495,-57
496,-71
497,-86
498,-109
499,-119
500,-123
501,-127
502,-127
503,-134
504,-129
505,-128
506,-122
507,-111
508,-100
509,-78
510,-61
511,-64
512,-68
513,-72
514,-74
515,-71
516,-68
517,-67
518,-72
519,-82
520,-85
521,-72
522,-68
523,-64
524,-58
525,-52
526,-50
527,-43
528,-37
529,-41
530,-50
531,-55
532,-55
533,-54
534,-51
535,-56
536,-57
537,-55
538,-57
539,-55
540,-57
541,-55
542,-51
543,-54
544,-48
545,-36
546,-20
547,-6
548,-1
549,6
550,13
551,15
552,15
553,10
554,0
555,2
556,4
557,5
558,5
559,6
560,11
561,10
562,7
563,-2
564,-15
565,-25
566,-28
567,-34
568,-31
569,-24
570,-6
571,1
572,17
573,31
574,42
575,51
576,63
577,68
578,74
579,81
580,81
581,82
582,78
583,73
584,72
585,60
586,50
587,32
588,12
589,-2
590,-11
591,-23
592,-24
593,-30
594,-29
595,-39
596,-46
597,-51
598,-49
599,-44
600,-34
601,-28
602,-22
603,-12
604,-4
605,4
606,6
607,7
608,-2
609,-17
610,-33
611,-45
612,-46
613,-42
614,-39
615,-31
616,-27
617,-19
618,-14
619,-11
620,-7
621,3
622,10
623,9
624,4
625,-4
626,-11
627,-8
628,-6
629,-7
630,-7
631,1
632,18
633,18
634,27
635,30
636,34
637,42
638,44
639,50
640,45
641,38
642,40
643,46
644,51
645,50
646,51
647,54
648,60
649,66
650,61
651,57
652,53
653,57
654,68
655,72
656,85
657,87
658,86
659,85
660,76
661,63
662,55
663,59
664,73
665,78
666,74
667,73
668,65
669,62
670,61
671,58
672,46
673,44
674,33
675,27
676,19
677,12
678,3
679,0
680,-1
681,-1
682,2
683,8
684,19
685,15
686,9
687,14
688,13
689,21
690,21
691,30
692,35
693,42
694,46
695,39
696,19
697,2
698,-8
699,-10
700,-7
701,0
702,4
703,8
704,5
705,0
706,-8
707,-10
708,-19
709,-20
710,-26
711,-16
712,6
713,21
714,26
715,34
716,44
717,47
718,50
719,41
720,32
721,19
722,22
723,22
724,29
725,37
726,25
727,14
728,-1
729,-12
730,-14
731,-18
732,-17
733,-29
734,-55
735,-73
736,-74
737,-67
738,-59
739,-49
740,-49
741,-51
742,-46
743,-41
744,-33
745,-31
746,-27
747,-21
748,-14
749,-4
750,4
751,8
752,12
753,8
754,1
755,5
756,6
757,20
758,23
759,26
760,29
761,23
762,16
763,5
764,-7
765,-24
766,-28
767,-20
768,-4
769,5
770,10
771,18
772,26
773,16
774,17
775,8
776,10
777,3
778,5
779,0
780,1
781,1
782,-5
783,-21
784,-42
785,-59
786,-66
787,-64
788,-69
789,-74
790,-80
791,-74
792,-72
793,-69
794,-63
795,-49
796,-36
797,-28
798,-23
799,-19
800,-18
801,-14
802,-2
803,1
804,-1
805,-6
806,-21
807,-27
808,-34
809,-31
810,-38
811,-32
812,-28
813,-28
814,-31
815,-42
816,-33
817,-22
818,-9
819,7
820,8
821,11
822,15
823,31
824,39
825,36
826,43
827,32
828,33
829,25
830,16
831,3
832,-6
833,-7
834,-13
835,-20
836,-33
837,-37
838,-44
839,-45
840,-47
841,-41
842,-39
843,-30
844,-28
845,-34
846,-27
847,-20
848,-8
849,-5
850,5
851,19
852,18
853,11
854,-3
855,-9
856,-1
857,2
858,-8
859,-13
860,-22
861,-22
862,-23
863,-28
864,-29
865,-37
866,-40
867,-36
868,-33
869,-31
870,-38
871,-39
872,-45
873,-50
874,-50
875,-44
876,-34
877,-26
878,-14
879,-2
880,8
881,19
882,34
883,31
884,31
885,21
886,22
887,16
888,15
889,10
890,6
891,4
892,3
893,-4
894,-20
895,-27
896,-33
897,-37
898,-42
899,-46
900,-42
901,-44
902,-49
903,-64
904,-75
905,-81
906,-81
907,-76
908,-74
909,-65
910,-63
911,-72
912,-68
913,-57
914,-38
915,-20
916,-7
917,3
918,6
919,7
920,12
921,26
922,37
923,48
924,51
925,56
926,56
927,53
928,34
929,12
930,-2
931,-19
932,-37
933,-54
934,-55
935,-53
936,-49
937,-49
938,-57
939,-69
940,-75
941,-71
942,-64
943,-52
944,-39
945,-31
946,-30
947,-29
948,-16
949,-10
950,-3
951,-2
952,-7
953,-7
954,-8
955,-7
956,-2
957,-13
958,-26
959,-40
960,-57
961,-66
962,-81
963,-93
964,-104
965,-100
966,-95
967,-90
968,-79
969,-69
970,-59
971,-48
972,-43
973,-29
974,-20
975,-7
976,-4
977,-10
978,-14
979,-18
980,-17
981,-11
982,-8
983,-2
984,-4
985,-3
986,0
987,2
988,0
989,3
990,4
991,8
992,7
993,6
994,1
995,1
996,2
997,2
998,-6
999,-9
1000,-8
1001,-4
1002,7
1003,8
1004,9
1005,-3
1006,-3
1007,-3
1008,-11
1009,-18
1010,-13
1011,-11
1012,-5
1013,-1
1014,-1
1015,-10
1016,-3
1017,-11
1018,-2
1019,-10
1020,-7
1021,-12
1022,-27
1023,-31
1024,-26
1025,-15
1026,-12
1027,-17
1028,-33
1029,-55
1030,-65
1031,-65
1032,-57
1033,-44
1034,-25
1035,-5
1036,-1
1037,9
1038,15
1039,25
1040,34
1041,27
1042,19
1043,0
1044,-10
1045,-19
1046,-28
1047,-30
1048,-31
1049,-31
1050,-36
1051,-44
1052,-50
1053,-52
1054,-49
1055,-45
1056,-45
1057,-48
1058,-43
1059,-34
1060,-24
1061,-22
1062,-13
1063,-19
1064,-27
1065,-24
1066,-19
1067,-14
1068,-12
1069,-13
1070,-16
1071,-25
1072,-35
1073,-40
1074,-58
1075,-57
1076,-59
1077,-48
1078,-48
1079,-52
1080,-64
1081,-85
1082,-92
1083,-103
1084,-99
1085,-104
1086,-100
1087,-93
1088,-86
1089,-75
1090,-61
1091,-62
1092,-63
1093,-62
1094,-61
1095,-52
1096,-54
1097,-54
1098,-51
1099,-53
1100,-48
1101,-49
1102,-46
1103,-41
1104,-31
1105,-23
1106,-19
1107,-13
1108,-25
1109,-28
1110,-32
1111,-27
1112,-26
1113,-26
1114,-21
1115,-11
1116,-10
1117,-21
1118,-27
1119,-37
1120,-41
1121,-39
1122,-43
1123,-47
1124,-36
1125,-31
1126,-28
1127,-15
1128,-13
1129,-14
1130,-30
1131,-48
1132,-65
1133,-78
1134,-86
1135,-86
1136,-79
1137,-72
1138,-59
1139,-48
1140,-39
1141,-38
1142,-36
1143,-31
1144,-16
1145,7
1146,34
1147,49
1148,60
1149,68
1150,73
1151,61
1152,48
1153,40
1154,29
1155,31
1156,35
1157,37
1158,20
1159,2
1160,-4
1161,-4
1162,3
1163,7
1164,9
1165,14
1166,17
1167,15
1168,10
1169,4
1170,-1
1171,-4
1172,-7
1173,1
1174,7
1175,4
1176,12
1177,20
1178,28
1179,42
1180,47
1181,59
1182,67
1183,70
1184,77
1185,84
1186,95
1187,103
1188,109
1189,106
1190,107
1191,119
1192,125
1193,130
1194,130
1195,123
1196,122
1197,119
1198,116
1199,115
1200,109
1201,105
1202,94
1203,72
1204,56
1205,36
1206,17
1207,5
1208,-5
1209,-11
1210,-28
1211,-34
1212,-30
1213,-25
1214,-6
1215,9
1216,21
1217,26
1218,38
1219,41
1220,28
1221,14
1222,-2
1223,-1
1224,-9
1225,-26
1226,-46
1227,-71
1228,-72
1229,-69
1230,-74
1231,-84
1232,-98
1233,-109
1234,-111
1235,-101
1236,-87
1237,-80
1238,-73
1239,-58
1240,-50
1241,-43
1242,-44
1243,-46
1244,-42
1245,-46
1246,-45
1247,-54
1248,-51
1249,-49
1250,-36
1251,-33
1252,-28
1253,-18
1254,-15
1255,-8
1256,-1
1257,3
1258,7
1259,9
1260,9
1261,8
1262,1
1263,-7
1264,-1
1265,-3
1266,-5
1267,-7
1268,1
1269,6
1270,4
1271,4
1272,-3
1273,-13
1274,-16
1275,-18
1276,-15
1277,-4
1278,4
1279,16
1280,19
1281,18
1282,17
1283,7
1284,5
1285,7
1286,2
1287,6
1288,10
1289,21
1290,22
1291,30
1292,22
1293,23
1294,23
1295,18
1296,2
1297,-15
1298,-27
1299,-26
1300,-26
1301,-19
1302,-9
1303,0
1304,7
1305,13
1306,15
1307,17
1308,19
1309,33
1310,36
1311,40
1312,30
1313,19
1314,14
1315,18
1316,7
1317,-2
1318,-21
1319,-28
1320,-40
1321,-50
1322,-68
1323,-87
1324,-96
1325,-95
1326,-86
1327,-78
1328,-77
1329,-69
1330,-64
1331,-70
1332,-66
1333,-62
1334,-51
1335,-46
1336,-38
1337,-24
1338,-11
1339,-4
1340,10
1341,4
1342,1
1343,7
1344,11
1345,10
1346,6
1347,-7
1348,-4
1349,0
1350,-1
1351,-9
1352,-16
1353,-15
1354,2
1355,9
1356,15
1357,13
1358,8
1359,-1
1360,4
1361,24
1362,28
1363,46
1364,51
1365,63
1366,55
1367,41
1368,28
1369,16
1370,14
1371,3
1372,-8
1373,-18
1374,-20
1375,-31
1376,-53
1377,-72
1378,-84
1379,-87
1380,-90
1381,-93
1382,-99
1383,-98
1384,-97
1385,-89
1386,-77
1387,-74
1388,-74
1389,-71
1390,-85
1391,-79
1392,-80
1393,-74
1394,-82
1395,-85
1396,-90
1397,-95
1398,-92
1399,-88
1400,-76
1401,-63
1402,-48
1403,-37
1404,-31
1405,-23
1406,-4
1407,-7
1408,-13
1409,-13
1410,-17
1411,-8
1412,0
1413,16
1414,30
1415,44
1416,48
1417,45
1418,32
1419,17
1420,7
1421,-3
1422,-9
1423,-3
1424,7
1425,8
1426,2
1427,4
1428,4
1429,9
1430,15
1431,17
1432,10
1433,7
1434,12
1435,18
1436,31
1437,42
1438,50
1439,59
1440,65
1441,77
1442,76
1443,70
1444,57
1445,39
1446,21
1447,11
1448,-4
1449,-12
1450,-22
1451,-24
1452,-13
1453,-13
1454,-7
1455,-7
1456,-2
1457,3
1458,13
1459,15
1460,10
1461,11
1462,13
1463,20
1464,32
1465,42
1466,47
1467,48
1468,47
1469,41
1470,31
1471,21
1472,15
1473,11
1474,6
1475,13
1476,12
1477,10
1478,0
1479,-2
1480,-1
1481,-4
1482,-1
1483,-1
1484,-13
1485,-22
1486,-38
1487,-60
1488,-66
1489,-66
1490,-67
1491,-72
1492,-79
1493,-78
1494,-64
1495,-46
1496,-26
1497,-10
1498,7
1499,22
1500,38
1501,44
1502,54
1503,67
1504,73
1505,76
1506,81
1507,91
1508,100
1509,113
1510,126
1511,128
1512,113
1513,104
1514,93
1515,92
1516,90
1517,94
1518,102
1519,109
1520,113
1521,107
1522,95
1523,82
1524,76
1525,71
1526,66
1527,63
1528,59
1529,54
1530,51
1531,56
1532,60
1533,51
1534,53
1535,48
1536,43
1537,33
1538,30
1539,15
1540,23
1541,22
1542,26
1543,22
1544,13
1545,10
1546,5
1547,2
1548,-6
1549,-9
1550,-16
1551,-14
1552,-9
1553,-9
1554,-4
1555,2
1556,8
1557,0
1558,2
1559,-1
1560,5
1561,7
1562,6
1563,5
1564,5
1565,7
1566,8
1567,16
1568,16
1569,21
1570,20
1571,10
1572,-9
1573,-31
1574,-45
1575,-51
1576,-46
1577,-50
1578,-54
1579,-52
1580,-44
1581,-39
1582,-37
1583,-34
1584,-25
1585,-20
1586,-18
1587,-24
1588,-31
1589,-28
1590,-23
1591,-22
1592,-14
1593,-13
1594,-11
1595,-19
1596,-26
1597,-24
1598,-28
1599,-35
1600,-31
1601,-25
1602,-22
1603,-24
1604,-32
1605,-40
1606,-46
1607,-47
1608,-45
1609,-46
1610,-41
1611,-40
1612,-43
1613,-40
1614,-35
1615,-36
1616,-35
1617,-34
1618,-37
1619,-39
1620,-36
1621,-35
1622,-31
1623,-39
1624,-49
1625,-55
1626,-66
1627,-67
1628,-71
1629,-69
1630,-71
1631,-73
1632,-72
1633,-73
1634,-71
1635,-63
1636,-53
1637,-53
1638,-51
1639,-57
1640,-61
1641,-61
1642,-61
1643,-62
1644,-64
1645,-61
1646,-58
1647,-58
1648,-63
1649,-59
1650,-46
1651,-33
1652,-22
1653,-24
1654,-36
1655,-41
1656,-46
1657,-46
1658,-29
1659,-11
1660,2
1661,11
1662,10
1663,16
1664,21
1665,29
1666,33
1667,40
1668,50
1669,71
1670,83
1671,86
1672,81
1673,81
1674,78
1675,72
1676,68
1677,79
1678,84
1679,92
1680,88
1681,85
1682,82
1683,81
1684,77
1685,64
1686,60
1687,64
1688,82
1689,82
1690,88
1691,84
1692,73
1693,53
1694,39
1695,31
1696,32
1697,18
1698,11
1699,-3
1700,-3
1701,-4
1702,-3
1703,2
1704,-1
1705,-6
1706,-9
1707,2
1708,16
1709,25
1710,12
1711,14
1712,11
1713,7
1714,3
1715,1
1716,8
1717,14
1718,17
1719,18
1720,16
1721,11
1722,14
1723,0
1724,-5
1725,-22
1726,-43
1727,-64
1728,-83
1729,-89
1730,-99
1731,-89
1732,-72
1733,-48
1734,-38
1735,-35
1736,-27
1737,-22
1738,-16
1739,-15
1740,-18
1741,-24
1742,-27
1743,-19
1744,-22
1745,-21
1746,-23
1747,-20
1748,-21
1749,-21
1750,-26
1751,-36
1752,-37
1753,-28
1754,-19
1755,-10
1756,-3
1757,-12
1758,-23
1759,-35
1760,-34
1761,-29
1762,-33
1763,-28
1764,-28
1765,-24
1766,-18
1767,-10
1768,-19
1769,-34
1770,-39
1771,-39
1772,-40
1773,-40
1774,-35
1775,-31
1776,-30
1777,-40
1778,-44
1779,-41
1780,-22
1781,0
1782,13
1783,41
1784,53
1785,59
1786,46
1787,30
1788,19
1789,9
1790,5
1791,5
1792,4
1793,-1
1794,1
1795,17
1796,28
1797,34
1798,33
1799,34
1800,35
1801,46
1802,37
1803,25
1804,-1
1805,-16
1806,-31
1807,-29
1808,-23
1809,-19
1810,-18
1811,-22
1812,-27
1813,-35
1814,-46
1815,-42
1816,-34
1817,-28
1818,-23
1819,-23
1820,-31
1821,-27
1822,-26
1823,-24
1824,-20
1825,-22
1826,-20
1827,-16
1828,-17
1829,-18
1830,-31
1831,-47
1832,-56
1833,-60
1834,-68
1835,-87
1836,-106
1837,-124
1838,-129
1839,-127
1840,-110
1841,-101
1842,-89
1843,-81
1844,-75
1845,-69
1846,-66
1847,-64
1848,-76
1849,-78
1850,-81
1851,-76
1852,-74
1853,-80
1854,-74
1855,-70
1856,-66
1857,-69
1858,-84
1859,-101
1860,-115
1861,-117
1862,-113
1863,-104
1864,-90
1865,-80
1866,-81
1867,-87
1868,-86
1869,-80
1870,-57
1871,-33
1872,-18
1873,-1
1874,7
1875,12
1876,10
1877,19
1878,33
1879,39
1880,40
1881,37
1882,36
1883,38
1884,29
1885,29
1886,21
1887,16
1888,8
1889,2
1890,0
1891,13
1892,26
1893,45
1894,64
1895,72
1896,74
1897,72
1898,68
1899,65
1900,60
1901,57
1902,59
1903,55
1904,52
1905,43
1906,44
1907,37
1908,34
1909,34
1910,45
1911,51
1912,53
1913,50
1914,49
1915,63
1916,76
1917,81
1918,70
1919,56
1920,53
1921,50
1922,56
1923,70
1924,85
1925,91
1926,93
1927,90
1928,95
1929,95
1930,107
1931,109
1932,104
1933,96
1934,91
1935,74
1936,71
1937,59
1938,58
1939,44
1940,39
1941,28
1942,21
1943,20
1944,20
1945,19
1946,18
1947,14
1948,17
1949,28
1950,35
1951,37
1952,29
1953,18
1954,19
1955,21
1956,22
1957,23
1958,27
1959,20
1960,16
1961,20
1962,22
1963,25
1964,29
1965,32
1966,36
1967,36
1968,38
1969,39
1970,37
1971,44
1972,45
1973,41
1974,40
1975,44
1976,47
1977,34
1978,10
1979,-7
1980,-20
1981,-17
1982,-11
1983,-6
1984,-6
1985,-6
1986,-8
1987,-12
1988,-8
1989,-6
1990,-14
1991,-37
1992,-62
1993,-68
1994,-70
1995,-66
1996,-70
1997,-69
1998,-53
1999,-38
2000,-26
2001,-29
2002,-38
2003,-43
2004,-47
2005,-50
2006,-52
2007,-44
2008,-46
2009,-46
2010,-51
2011,-60
2012,-65
2013,-69
2014,-57
2015,-54
2016,-50
2017,-47
2018,-42
2019,-33
2020,-24
2021,-30
2022,-38
2023,-49
2024,-49
2025,-57
2026,-62
2027,-76
2028,-85
2029,-106
2030,-111
2031,-115
2032,-98
2033,-72
2034,-56
2035,-43
2036,-45
2037,-47
2038,-46
2039,-52
2040,-50
2041,-39
2042,-35
2043,-32
2044,-27
2045,-26
2046,-29
2047,-34
2048,-44
2049,-44
2050,-43
2051,-42
2052,-39
2053,-33
2054,-38
2055,-28
2056,-35
2057,-34
2058,-32
2059,-24
2060,-12
2061,-6
2062,-3
2063,-12
2064,-20
2065,-22
2066,-22
2067,-26
2068,-26
2069,-34
2070,-36
2071,-47
2072,-48
2073,-51
2074,-53
2075,-47
2076,-47
2077,-47
2078,-46
2079,-45
2080,-44
2081,-33
2082,-24
2083,-11
2084,-2
2085,14
2086,33
2087,46
2088,58
2089,54
2090,72
2091,75
2092,91
2093,95
2094,90
2095,77
2096,65
2097,70
2098,64
2099,66
2100,67
2101,64
2102,68
2103,73
2104,83
2105,88
2106,97
2107,93
2108,92
2109,72
2110,71
2111,66
2112,67
2113,69
2114,67
2115,71
2116,72
2117,73
2118,72
2119,65
2120,53
2121,40
2122,21
2123,-1
2124,-16
2125,-36
2126,-59
2127,-75
2128,-79
2129,-78
2130,-80
2131,-79
2132,-81
2133,-80
2134,-74
2135,-64
2136,-58
2137,-57
2138,-59
2139,-62
2140,-61
2141,-52
2142,-44
2143,-51
2144,-61
2145,-77
2146,-92
2147,-107
2148,-102
2149,-92
2150,-84
2151,-84
2152,-83
2153,-88
2154,-82
2155,-88
2156,-77
2157,-71
2158,-69
2159,-71
2160,-75
2161,-73
2162,-75
2163,-78
2164,-77
2165,-72
2166,-54
2167,-44
2168,-47
2169,-55
2170,-63
2171,-71
2172,-67
2173,-57
2174,-40
2175,-27
2176,-12
2177,-13
2178,-7
2179,-1
2180,28
2181,51
2182,61
2183,61
2184,57
2185,68
2186,73
2187,66
2188,42
2189,14
2190,1
2191,-9
2192,-19
2193,-27
2194,-17
2195,-7
2196,8
2197,13
2198,24
2199,32
2200,49
2201,63
2202,74
2203,71
2204,68
2205,66
2206,71
2207,79
2208,78
2209,81
2210,74
2211,74
2212,78
2213,68
2214,58
2215,54
2216,45
2217,45
2218,51
2219,55
2220,51
2221,46
2222,41
2223,38
2224,39
2225,38
2226,43
2227,48
2228,50
2229,53
2230,51
2231,52
2232,48
2233,52
2234,47
2235,55
2236,58
2237,50
2238,39
2239,27
2240,16
2241,17
2242,15
2243,11
2244,7
2245,-9
2246,-6
2247,-3
2248,-10
2249,-5
2250,0
2251,2
2252,11
2253,20
2254,23
2255,33
2256,40
2257,40
2258,40
2259,35
2260,33
2261,23
2262,21
2263,19
2264,14
2265,1
2266,-6
2267,-7
2268,-11
2269,-10
2270,-13
2271,-16
2272,-24
2273,-27
2274,-30
2275,-28
2276,-25
2277,-22
2278,-17
2279,-15
2280,-10
2281,-13
2282,-21
2283,-24
2284,-23
2285,-21
2286,-27
2287,-40
2288,-45
2289,-49
2290,-46
2291,-41
2292,-35
2293,-33
2294,-23
2295,-20
2296,-26
2297,-37
2298,-43
2299,-42
2300,-36
2301,-25
2302,-26
2303,-26
2304,-30
2305,-34
2306,-30
2307,-32
2308,-27
2309,-25
2310,-18
2311,-8
2312,7
2313,6
2314,7
2315,-1
2316,-13
2317,-21
2318,-28
2319,-28
2320,-28
2321,-29
2322,-30
2323,-37
2324,-59
2325,-79
2326,-76
2327,-74
2328,-68
2329,-67
2330,-63
2331,-56
2332,-52
2333,-47
2334,-45
2335,-52
2336,-61
2337,-69
2338,-74
2339,-73
2340,-72
2341,-78
2342,-78
2343,-79
2344,-85
2345,-90
2346,-97
2347,-92
2348,-90
2349,-86
2350,-85
2351,-86
2352,-99
2353,-108
2354,-113
2355,-115
2356,-105
2357,-95
2358,-85
2359,-74
2360,-59
2361,-46
2362,-39
2363,-38
2364,-33
2365,-32
2366,-27
2367,-24
2368,-17
2369,-18
2370,-11
2371,-5
2372,7
2373,6
2374,5
2375,-9
2376,-16
2377,-17
2378,-19
2379,-16
2380,-15
2381,-18
2382,-24
2383,-29
2384,-31
2385,-27
2386,-19
2387,-10
2388,-2
2389,-1
2390,-3
2391,-9
2392,-10
2393,-13
2394,-13
2395,-1
2396,6
2397,12
2398,15
2399,10
2400,2
2401,-11
2402,-22
2403,-26
2404,-37
2405,-42
2406,-44
2407,-44
2408,-36
2409,-31
2410,-19
2411,-19
2412,-19
2413,-25
2414,-37
2415,-42
2416,-43
2417,-49
2418,-56
2419,-59
2420,-68
2421,-67
2422,-69
2423,-65
2424,-59
2425,-63
2426,-60
2427,-61
2428,-62
2429,-61
2430,-64
2431,-63
2432,-63
2433,-66
2434,-69
2435,-71
2436,-74
2437,-67
2438,-62
2439,-51
2440,-40
2441,-37
2442,-44
2443,-46
2444,-54
2445,-53
2446,-54
2447,-45
2448,-41
2449,-34
2450,-24
2451,-14
2452,1
2453,2
2454,5
2455,3
2456,-1
2457,0
2458,-2
2459,-5
2460,-10
2461,0
2462,7
2463,9
2464,-1
2465,-17
2466,-27
2467,-35
2468,-29
2469,-26
2470,-25
2471,-22
2472,-12
2473,-7
2474,-11
2475,-7
2476,-8
2477,-4
2478,4
2479,-3
2480,-8
2481,-8
2482,-7
2483,3
2484,-1
2485,-4
2486,-18
2487,-35
2488,-51
2489,-59
2490,-61
2491,-66
2492,-59
2493,-63
2494,-72
2495,-68
2496,-59
2497,-47
2498,-46
2499,-50
2500,-52
2501,-52
2502,-53
2503,-38
2504,-42
2505,-34
2506,-37
2507,-48
2508,-62
2509,-81
2510,-86
2511,-87
2512,-82
2513,-81
2514,-74
2515,-62
2516,-45
2517,-38
2518,-37
2519,-27
2520,-10
2521,12
2522,21
2523,31
2524,42
2525,44
2526,45
2527,47
2528,57
2529,62
2530,67
2531,70
2532,71
2533,67
2534,66
2535,56
2536,50
2537,41
2538,36
2539,27
2540,24
2541,24
2542,15
2543,6
2544,-1
2545,-7
2546,-16
2547,-28
2548,-31
2549,-41
2550,-38
2551,-27
2552,-18
2553,-11
2554,-8
2555,-4
2556,0
2557,-7
2558,-11
2559,-26
2560,-32
2561,-31
2562,-34
2563,-32
2564,-36
2565,-34
2566,-17
2567,-5
2568,10
2569,10
2570,-1
2571,-3
2572,-8
2573,-19
2574,-37
2575,-59
2576,-74
2577,-80
2578,-87
2579,-83
2580,-85
2581,-89
2582,-97
2583,-106
2584,-120
2585,-115
2586,-108
2587,-100
2588,-94
2589,-91
2590,-81
2591,-82
2592,-92
2593,-96
2594,-97
2595,-82
2596,-82
2597,-81
2598,-81
2599,-76
2600,-57
2601,-50
2602,-45
2603,-34
2604,-21
2605,-20
2606,-29
2607,-35
2608,-38
2609,-38
2610,-37
2611,-32
2612,-34
2613,-34
2614,-34
2615,-33
2616,-27
2617,-10
2618,3
2619,7
2620,10
2621,13
2622,12
2623,17
2624,19
2625,24
2626,20
2627,16
2628,15
2629,19
2630,23
2631,12
2632,4
2633,-1
2634,9
2635,10
2636,0
2637,-14
2638,-10
2639,5
2640,26
2641,42
2642,52
2643,56
2644,63
2645,66
2646,59
2647,54
2648,47
2649,41
2650,34
2651,22
2652,17
2653,15
2654,18
2655,28
2656,34
2657,35
2658,32
2659,35
2660,38
2661,40
2662,40
2663,42
2664,38
2665,37
2666,39
2667,46
2668,48
2669,60
2670,53
2671,47
2672,43
2673,53
2674,62
2675,67
2676,61
2677,46
2678,27
2679,19
2680,29
2681,41
2682,53
2683,63
2684,57
2685,53
2686,48
2687,55
2688,62
2689,68
2690,71
2691,62
2692,54
2693,54
2694,56
2695,59
2696,56
2697,49
2698,35
2699,24
2700,17
2701,20
2702,15
2703,19
2704,26
2705,39
2706,45
2707,51
2708,41
2709,26
2710,15
2711,13
2712,11
2713,19
2714,30
2715,43
2716,47
2717,44
2718,35
2719,36
2720,33
2721,36
2722,33
2723,32
2724,30
2725,34
2726,29
2727,29
2728,29
2729,29
2730,21
2731,15
2732,18
2733,28
2734,33
2735,37
2736,39
2737,39
2738,38
2739,41
2740,37
2741,27
2742,22
2743,4
2744,-10
2745,-35
2746,-46
2747,-47
2748,-45
2749,-30
2750,-22
2751,-17
2752,-7
2753,-2
2754,5
2755,6
2756,3
2757,8
2758,11
2759,20
2760,10
2761,-5
2762,-12
2763,-11
2764,-4
2765,-6
2766,-13
2767,-14
2768,-19
2769,-10
2770,-2
2771,-4
2772,-5
2773,-12
2774,-23
2775,-31
2776,-49
2777,-56
2778,-67
2779,-73
2780,-77
2781,-82
2782,-84
2783,-77
2784,-70
2785,-65
2786,-59
2787,-51
2788,-44
2789,-33
2790,-26
2791,-24
2792,-26
2793,-32
2794,-27
2795,-16
2796,-7
2797,1
2798,16
2799,20
2800,21
2801,14
2802,3
2803,-2
2804,-8
2805,-8
2806,-14
2807,-20
2808,-20
2809,-24
2810,-24
2811,-18
2812,3
2813,19
2814,38
2815,51
2816,60
2817,66
2818,78
2819,96
2820,102
2821,104
2822,95
2823,86
2824,73
2825,61
2826,47
2827,36
2828,36
2829,33
2830,27
2831,28
2832,32
2833,43
2834,40
2835,33
2836,28
2837,26
2838,27
2839,41
2840,58
2841,65
2842,69
2843,68
2844,63
2845,50
2846,35
2847,19
2848,-4
2849,-11
2850,-12
2851,2
2852,15
2853,29
2854,34
2855,29
2856,31
2857,32
2858,33
2859,31
2860,31
2861,25
2862,19
2863,13
2864,8
2865,4
2866,7
2867,20
2868,23
2869,29
2870,37
2871,36
2872,36
2873,30
2874,24
2875,24
2876,14
2877,11
2878,2
2879,1
2880,0
2881,-1
2882,-5
2883,-2
2884,7
2885,17
2886,15
2887,18
2888,22
2889,30
2890,21
2891,15
2892,9
2893,4
2894,10
2895,-1
2896,-10
2897,-27
2898,-40
2899,-49
2900,-59
2901,-74
2902,-83
2903,-88
2904,-91
2905,-84
2906,-82
2907,-86
2908,-86
2909,-81
2910,-71
2911,-69
2912,-69
2913,-78
2914,-93
2915,-95
2916,-100
2917,-97
2918,-88
2919,-73
2920,-59
2921,-61
2922,-63
2923,-64
2924,-57
2925,-51
2926,-46
2927,-44
2928,-40
2929,-28
2930,-12
2931,1
2932,3
2933,10
2934,15
2935,16
2936,15
2937,14
2938,10
2939,7
2940,13
2941,20
2942,30
2943,45
2944,52
2945,62
2946,67
2947,75
2948,78
2949,82
2950,81
2951,82
2952,80
2953,73
2954,62
2955,52
2956,47
2957,44
2958,42
2959,38
2960,36
2961,33
2962,34
2963,29
2964,34
2965,29
2966,24
2967,14
2968,16
2969,12
2970,11
2971,5
2972,-1
2973,-7
2974,-8
2975,-10
2976,-7
2977,-11
2978,-9
2979,-15
2980,-12
2981,-11
2982,-1
2983,12
2984,18
2985,26
2986,19
2987,13
2988,15
2989,14
2990,14
2991,11
2992,14
2993,18
2994,17
2995,18
2996,18
2997,5
2998,-1
2999,-8
3000,-5
3001,-9
3002,-8
3003,2
3004,10
3005,23
3006,31
3007,34
3008,24
3009,21
3010,18
3011,11
3012,12
3013,7
3014,-12
3015,-42
3016,-76
3017,-93
3018,-101
3019,-85
3020,-69
3021,-67
3022,-72
3023,-77
3024,-90
3025,-100
3026,-112
3027,-116
3028,-120
3029,-135
3030,-136
3031,-143
3032,-138
3033,-144
3034,-148
3035,-158
3036,-162
3037,-159
3038,-170
3039,-174
3040,-179
3041,-166
3042,-149
3043,-135
3044,-121
3045,-120
3046,-120
3047,-120
3048,-114
3049,-106
3050,-101
3051,-92
3052,-89
3053,-93
3054,-92
3055,-81
3056,-72
3057,-57
3058,-36
3059,-23
3060,-10
3061,-2
3062,-2
3063,-11
3064,-9
3065,-6
3066,8
3067,14
3068,10
3069,2
3070,-4
3071,-7
3072,-3
3073,0
3074,0
3075,9
3076,16
3077,12
3078,18
3079,17
3080,28
3081,39
3082,53
3083,60
3084,59
3085,54
3086,50
3087,46
3088,37
3089,30
3090,31
3091,30
3092,28
3093,22
3094,26
3095,26
3096,37
3097,37
3098,43
3099,45
3100,51
3101,51
3102,47
3103,49
3104,40
3105,25
3106,14
3107,20
3108,37
3109,62
3110,84
3111,91
3112,91
3113,87
3114,86
3115,69
3116,42
3117,13
3118,-8
3119,-26
3120,-29
3121,-17
3122,-6
3123,14
3124,27
3125,45
3126,53
3127,57
3128,62
3129,51
3130,49
3131,36
3132,20
3133,-1
3134,-9
3135,-12
3136,-11
3137,-1
3138,3
3139,3
3140,-5
3141,-15
3142,-15
3143,-18
3144,-18
3145,-23
3146,-19
3147,-18
3148,-10
3149,-11
3150,-14
3151,-11
3152,0
3153,1
3154,-5
3155,-1
3156,-8
3157,-20
3158,-36
3159,-48
3160,-50
3161,-42
3162,-33
3163,-22
3164,-20
3165,-22
3166,-19
3167,-14
3168,-5
3169,1
3170,1
3171,1
3172,0
3173,6
3174,3
3175,8
3176,3
3177,-6
3178,-8
3179,-22
3180,-21
3181,-36
3182,-42
3183,-48
3184,-55
3185,-45
3186,-35
3187,-30
3188,-28
3189,-24
3190,-12
3191,-7
3192,-8
3193,-10
3194,-7
3195,-9
3196,-12
3197,-1
3198,4
3199,12
3200,14
3201,12
3202,5
3203,-8
3204,-11
3205,-11
3206,-10
3207,-15
3208,-21
3209,-42
3210,-58
3211,-66
3212,-73
3213,-76
3214,-79
3215,-76
3216,-71
3217,-65
3218,-55
3219,-57
3220,-58
3221,-62
3222,-64
3223,-63
3224,-63
3225,-57
3226,-51
3227,-45
3228,-32
3229,-29
3230,-25
3231,-15
3232,-3
3233,-2
3234,10
3235,19
3236,32
3237,43
3238,46
3239,53
3240,49
3241,50
3242,44
3243,38
3244,34
3245,35
3246,31
3247,18
3248,5
3249,1
3250,-2
3251,-12
3252,-10
3253,-13
3254,-4
3255,-4
3256,1
3257,5
3258,0
3259,1
3260,-1
3261,-8
3262,-8
3263,-8
3264,-8
3265,-10
3266,-15
3267,-18
3268,-8
3269,-22
3270,-23
3271,-28
3272,-30
3273,-37
3274,-44
3275,-50
3276,-59
3277,-56
3278,-57
3279,-55
3280,-46
3281,-38
3282,-25
3283,-10
3284,1
3285,1
3286,4
3287,11
3288,5
3289,3
3290,11
3291,18
3292,19
3293,26
3294,27
3295,32
3296,23
3297,14
3298,11
3299,8
3300,1
3301,-10
3302,-19
3303,-33
3304,-38
3305,-37
3306,-36
3307,-24
3308,-16
3309,-16
3310,-26
3311,-34
3312,-39
3313,-48
3314,-52
3315,-49
3316,-41
3317,-45
3318,-48
3319,-57
3320,-60
3321,-49
3322,-30
3323,-16
3324,-4
3325,4
3326,13
3327,19
3328,26
3329,31
3330,33
3331,32
3332,35
3333,36
3334,26
3335,17
3336,-5
3337,-23
3338,-36
3339,-47
3340,-54
3341,-61
3342,-62
3343,-66
3344,-70
3345,-75
3346,-66
3347,-57
3348,-50
3349,-41
3350,-39
3351,-37
3352,-17
3353,-1
3354,14
3355,19
3356,29
3357,36
3358,45
3359,44
3360,43
3361,35
3362,21
3363,13
3364,-3
3365,-12
3366,-20
3367,-20
3368,-18
3369,-11
3370,-16
3371,-11
3372,-15
3373,-15
3374,-20
3375,-22
3376,-36
3377,-41
3378,-43
3379,-44
3380,-37
3381,-26
3382,-9
3383,-7
3384,0
3385,4
3386,6
3387,2
3388,-6
3389,-10
3390,-16
3391,-14
3392,-24
3393,-33
3394,-37
3395,-43
3396,-47
3397,-49
3398,-43
3399,-33
3400,-29
3401,-36
3402,-39
3403,-55
3404,-67
3405,-70
3406,-73
3407,-74
3408,-68
3409,-64
3410,-53
3411,-37
3412,-21
3413,-10
3414,-8
3415,-4
3416,6
3417,16
3418,29
3419,36
3420,44
3421,48
3422,49
3423,46
3424,36
3425,35
3426,33
3427,28
3428,21
3429,9
3430,-1
3431,-14
3432,-21
3433,-17
3434,-9
3435,-7
3436,-7
3437,-12
3438,-5
3439,0
3440,20
3441,33
3442,35
3443,34
3444,17
3445,-6
3446,-19
3447,-20
3448,-14
3449,-17
3450,-16
3451,-13
3452,-16
3453,-22
3454,-30
3455,-38
3456,-37
3457,-31
3458,-30
3459,-36
3460,-38
3461,-33
3462,-37
3463,-33
3464,-33
3465,-24
3466,-20
3467,-11
3468,8
3469,25
3470,27
3471,29
3472,22
3473,27
3474,20
3475,16
3476,14
3477,14
3478,22
3479,23
3480,19
3481,18
3482,23
3483,19
3484,23
3485,25
3486,27
3487,27
3488,20
3489,18
3490,14
3491,12
3492,10
3493,2
3494,-8
3495,-19
3496,-29
3497,-40
3498,-45
3499,-45
3500,-53
3501,-61
3502,-64
3503,-68
3504,-68
3505,-56
3506,-32
3507,-11
3508,5
3509,15
3510,17
3511,19
3512,13
3513,8
3514,0
3515,-5
3516,-8
3517,-17
3518,-28
3519,-37
3520,-45
3521,-37
3522,-33
3523,-25
3524,-26
3525,-32
3526,-25
3527,-23
3528,-19
3529,-11
3530,-1
3531,16
3532,30
3533,48
3534,67
3535,72
3536,77
3537,70
3538,55
3539,41
3540,28
3541,19
3542,9
3543,4
3544,-9
3545,-9
3546,-9
3547,-10
3548,0
3549,1
3550,8
3551,16
3552,25
3553,37
3554,49
3555,61
3556,73
3557,84
3558,101
3559,124
3560,137
3561,147
3562,150
3563,145
3564,148
3565,151
3566,153
3567,155
3568,159
3569,157
3570,151
3571,143
3572,129
3573,109
3574,85
3575,73
3576,64
3577,45
3578,36
3579,27
3580,16
3581,7
3582,11
3583,11
3584,19
3585,24
3586,32
3587,30
3588,21
3589,10
3590,2
3591,-5
3592,-12
3593,-20
3594,-37
3595,-36
3596,-38
3597,-23
3598,-18
3599,-6
3600,-7
3601,0
3602,1
3603,0
3604,-14
3605,-20
3606,-28
3607,-32
3608,-42
3609,-46
3610,-39
3611,-37
3612,-36
3613,-26
3614,-8
3615,11
3616,23
3617,34
3618,40
3619,41
3620,32
3621,27
3622,21
3623,17
3624,5
3625,-13
3626,-33
3627,-32
3628,-28
3629,-22
3630,-11
3631,8
3632,17
3633,23
3634,32
3635,37
3636,47
3637,53
3638,49
3639,56
3640,46
3641,39
3642,23
3643,4
3644,0
3645,1
3646,6
3647,3
3648,-7
3649,-18
3650,-38
3651,-58
3652,-75
3653,-94
3654,-98
3655,-91
3656,-80
3657,-67
3658,-62
3659,-55
3660,-51
3661,-53
3662,-63
3663,-70
3664,-80
3665,-76
3666,-62
3667,-61
3668,-59
3669,-58
3670,-51
3671,-42
3672,-38
3673,-38
3674,-43
3675,-44
3676,-49
3677,-44
3678,-33
3679,-19
3680,-11
3681,-16
3682,-18
3683,-19
3684,-13
3685,-21
3686,-21
3687,-23
3688,-18
3689,-21
3690,-19
3691,-19
3692,-8
3693,5
3694,5
3695,0
3696,-3
3697,4
3698,2
3699,-6
3700,-15
3701,-20
3702,-17
3703,-27
3704,-41
3705,-50
3706,-54
3707,-50
3708,-46
3709,-35
3710,-19
3711,-11
3712,-4
3713,13
3714,34
3715,53
3716,60
3717,51
3718,47
3719,35
3720,29
3721,25
3722,22
3723,23
3724,18
3725,11
3726,-3
3727,-18
3728,-26
3729,-30
3730,-30
3731,-31
3732,-27
3733,-25
3734,-17
3735,-9
3736,-8
3737,-7
3738,-15
3739,-10
3740,-8
3741,-6
3742,-3
3743,-11
3744,-22
3745,-26
3746,-33
3747,-41
3748,-46
3749,-51
3750,-56
3751,-74
3752,-77
3753,-84
3754,-84
3755,-91
3756,-93
3757,-88
3758,-80
3759,-68
3760,-72
3761,-74
3762,-74
3763,-60
3764,-47
3765,-30
3766,-20
3767,-10
3768,-13
3769,-19
3770,-22
3771,-28
3772,-28
3773,-31
3774,-38
3775,-44
3776,-44
3777,-42
3778,-43
3779,-44
3780,-44
3781,-43
3782,-35
3783,-31
3784,-23
3785,-23
3786,-27
3787,-27
3788,-25
3789,-13
3790,3
3791,24
3792,42
3793,52
3794,61
3795,59
3796,47
3797,44
3798,43
3799,36
3800,46
3801,53
3802,68
3803,77
3804,79
3805,82
3806,86
3807,92
3808,97
3809,98
3810,95
3811,81
3812,63
3813,43
3814,34
3815,29
3816,15
3817,5
3818,9
3819,9
3820,8
3821,4
3822,6
3823,11
3824,16
3825,15
3826,4
3827,0
3828,-12
3829,-15
3830,-24
3831,-27
3832,-16
3833,-2
3834,9
3835,12
3836,17
3837,16
3838,8
3839,5
3840,3
3841,-6
3842,-18
3843,-29
3844,-46
3845,-48
3846,-55
3847,-61
3848,-76
3849,-89
3850,-93
3851,-91
3852,-86
3853,-77
3854,-73
3855,-70
3856,-60
3857,-55
3858,-45
3859,-36
3860,-32
3861,-40
3862,-47
3863,-44
3864,-36
3865,-21
3866,-1
3867,15
3868,30
3869,35
3870,31
3871,21
3872,10
3873,4
3874,3
3875,4
3876,0
3877,13
3878,18
3879,23
3880,29
3881,34
3882,41
3883,36
3884,21
3885,6
3886,-3
3887,-7
3888,-12
3889,-18
3890,-16
3891,-12
3892,-7
3893,-7
3894,-9
3895,-2
3896,9
3897,22
3898,19
3899,10
3900,-7
3901,-27
3902,-38
3903,-40
3904,-30
3905,-27
3906,-20
3907,-24
3908,-8
3909,4
3910,2
3911,9
3912,14
3913,15
3914,10
3915,-9
3916,-16
3917,-17
3918,-19
3919,-18
3920,-28
3921,-43
3922,-52
3923,-67
3924,-69
3925,-69
3926,-68
3927,-73
3928,-71
3929,-63
3930,-50
3931,-49
3932,-47
3933,-41
3934,-40
3935,-43
3936,-55
3937,-77
3938,-87
3939,-102
3940,-90
3941,-81
3942,-76
3943,-74
3944,-81
3945,-84
3946,-83
3947,-80
3948,-72
3949,-56
3950,-36
3951,-24
3952,-25
3953,-23
3954,-14
3955,-5
3956,8
3957,21
3958,33
3959,44
3960,44
3961,51
3962,49
3963,52
3964,56
3965,58
3966,57
3967,45
3968,40
3969,33
3970,40
3971,45
3972,43
3973,41
3974,41
3975,53
3976,49
3977,51
3978,50
3979,51
3980,40
3981,20
3982,3
3983,-11
3984,-14
3985,-21
3986,-33
3987,-47
3988,-59
3989,-61
3990,-53
3991,-37
3992,-23
3993,-13
3994,-8
3995,-3
3996,-6
3997,-16
3998,-23
3999,-11
4000,-9
4001,-5
4002,5
4003,-2
4004,-4
4005,-8
4006,-12
4007,-2
4008,-4
4009,10
4010,22
4011,20
4012,25
4013,16
4014,-4
4015,-19
4016,-27
4017,-32
4018,-28
4019,-36
4020,-27
4021,-34
4022,-47
4023,-60
4024,-76
4025,-84
4026,-75
4027,-65
4028,-41
4029,-25
4030,-5
4031,7
4032,7
4033,23
4034,34
4035,33
4036,24
4037,20
4038,18
4039,24
4040,26
4041,30
4042,45
4043,55
4044,51
4045,37
4046,7
4047,-7
4048,-25
4049,-39
4050,-41
4051,-41
4052,-41
4053,-41
4054,-30
4055,-18
4056,-13
4057,-6
4058,6
4059,11
4060,8
4061,-1
4062,-10
4063,-10
4064,-11
4065,-3
4066,7
4067,9
4068,18
4069,30
4070,32
4071,34
4072,17
4073,-9
4074,-37
4075,-47
4076,-44
4077,-41
4078,-41
4079,-42
4080,-38
4081,-29
4082,-12
4083,-1
4084,3
4085,11
4086,8
4087,3
4088,-5
4089,-8
4090,-6
4091,-11
4092,-9
4093,-10
4094,-11
4095,-77
