,-29
0,-40
1,-44
2,-51
3,-53
4,-51
5,-49
6,-51
7,-53
8,-54
9,-61
10,-67
11,-66
12,-66
13,-60
14,-52
15,-41
16,-32
17,-27
18,-25
19,-27
20,-32
21,-33
22,-37
23,-47
24,-53
25,-55
26,-58
27,-61
28,-63
29,-63
30,-60
31,-59
32,-54
33,-54
34,-60
35,-61
36,-63
37,-62
38,-58
39,-47
40,-34
41,-26
42,-13
43,-5
44,1
45,4
46,5
47,1
48,-5
49,-12
50,-19
51,-29
52,-39
53,-41
54,-41
55,-43
56,-42
57,-35
58,-34
59,-25
60,-12
61,7
62,27
63,40
64,48
65,47
66,40
67,25
68,20
69,7
70,-1
71,-3
72,0
73,2
74,12
75,23
76,24
77,25
78,22
79,13
80,2
81,-10
82,-28
83,-56
84,-81
85,-75
86,-46
87,4
88,36
89,42
90,35
91,29
92,22
93,5
94,-22
95,-51
96,-70
97,-82
98,-84
99,-84
100,-83
101,-84
102,-76
103,-73
104,-64
105,-56
106,-37
107,-27
108,-22
109,-10
110,-4
111,2
112,5
113,8
114,12
115,22
116,34
117,49
118,58
119,70
120,83
121,88
122,99
123,110
124,121
125,126
126,127
127,131
128,130
129,133
130,133
131,130
132,124
133,119
134,113
135,108
136,102
137,100
138,97
139,86
140,77
141,71
142,72
143,77
144,83
145,83
146,75
147,68
148,54
149,37
150,26
151,13
152,5
153,-1
154,-3
155,-10
156,-13
157,-19
158,-16
159,-18
160,-24
161,-32
162,-42
163,-51
164,-54
165,-50
166,-44
167,-37
168,-28
169,-26
170,-27
171,-26
172,-24
173,-25
174,-26
175,-29
176,-28
177,-33
178,-31
179,-31
180,-31
181,-34
182,-32
183,-32
184,-31
185,-30
186,-30
187,-31
188,-35
189,-41
190,-46
191,-51
192,-51
193,-53
194,-59
195,-60
196,-59
197,-55
198,-52
199,-51
200,-52
201,-59
202,-68
203,-76
204,-86
205,-99
206,-106
207,-113
208,-111
209,-112
210,-110
211,-110
212,-111
213,-109
214,-109
215,-105
216,-97
217,-84
218,-76
219,-77
220,-81
221,-89
222,-91
223,-88
224,-71
225,-67
226,-67
227,-69
228,-73
229,-74
230,-72
231,-71
232,-76
233,-78
234,-77
235,-68
236,-62
237,-58
238,-57
239,-54
240,-47
241,-39
242,-40
243,-47
244,-50
245,-52
246,-48
247,-49
248,-46
249,-47
250,-50
251,-52
252,-55
253,-67
254,-70
255,-71
256,-77
257,-88
258,-101
259,-105
260,-105
261,-102
262,-96
263,-95
264,-92
265,-85
266,-75
267,-64
268,-57
269,-50
270,-45
271,-41
272,-35
273,-27
274,-22
275,-23
276,-29
277,-42
278,-51
279,-59
280,-60
281,-62
282,-63
283,-51
284,-44
285,-29
286,-18
287,-14
288,-15
289,-10
290,-5
291,-4
292,-1
293,-1
294,-1
295,-5
296,-7
297,-9
298,-11
299,-12
300,-7
301,-15
302,-20
303,-26
304,-22
305,-13
306,-3
307,-1
308,-5
309,-16
310,-28
311,-30
312,-31
313,-34
314,-32
315,-39
316,-42
317,-46
318,-43
319,-48
320,-48
321,-44
322,-30
323,-7
324,14
325,38
326,40
327,36
328,26
329,23
330,21
331,24
332,22
333,21
334,22
335,30
336,36
337,35
338,33
339,22
340,8
341,-2
342,-4
343,1
344,9
345,23
346,30
347,37
348,36
349,39
350,29
351,21
352,14
353,9
354,10
355,12
356,17
357,21
358,20
359,21
360,13
361,10
362,3
363,4
364,-2
365,7
366,12
367,10
368,1
369,-12
370,-17
371,-18
372,-13
373,-2
374,7
375,9
376,10
377,10
378,11
379,18
380,31
381,37
382,42
383,50
384,55
385,55
386,54
387,53
388,48
389,39
390,32
391,20
392,12
393,5
394,3
395,1
396,-5
397,-8
398,-8
399,-8
400,-5
401,8
402,22
403,40
404,46
405,48
406,38
407,26
408,22
409,10
410,-1
411,-11
412,-18
413,-42
414,-58
415,-56
416,-51
417,-26
418,-9
419,18
420,33
421,47
422,60
423,64
424,76
425,87
426,91
427,92
428,87
429,89
430,87
431,89
432,91
433,91
434,88
435,94
436,94
437,94
438,95
439,94
440,92
441,86
442,77
443,53
444,-33
445,-99
446,-159
447,-139
448,-59
449,36
450,91
451,122
452,129
453,140
454,140
455,125
456,105
457,83
458,74
459,73
460,86
461,90
462,85
463,84
464,74
465,65
466,51
467,41
468,34
469,29
470,30
471,32
472,30
473,27
474,29
475,31
476,35
477,42
478,39
479,38
480,36
481,42
482,43
483,47
484,54
485,59
486,62
487,60
488,56
489,51
490,48
491,46
492,41
493,32
494,25
495,28
496,24
497,24
498,26
499,21
500,18
501,15
502,11
503,6
504,3
505,-1
506,2
507,-5
508,0
509,5
510,9
511,17
512,24
513,24
514,15
515,7
516,-2
517,-11
518,-22
519,-32
520,-39
521,-46
522,-44
523,-48
524,-53
525,-58
526,-55
527,-53
528,-49
529,-54
530,-60
531,-68
532,-72
533,-67
534,-66
535,-61
536,-57
537,-60
538,-58
539,-55
540,-49
541,-44
542,-39
543,-34
544,-34
545,-41
546,-48
547,-49
548,-45
549,-37
550,-28
551,-18
552,-17
553,-12
554,-15
555,-22
556,-30
557,-39
558,-47
559,-52
560,-53
561,-55
562,-56
563,-55
564,-51
565,-56
566,-64
567,-71
568,-79
569,-86
570,-90
571,-86
572,-76
573,-64
574,-47
575,-41
576,-41
577,-47
578,-54
579,-64
580,-70
581,-73
582,-78
583,-82
584,-85
585,-79
586,-73
587,-67
588,-56
589,-52
590,-48
591,-51
592,-46
593,-45
594,-42
595,-33
596,-24
597,-16
598,-4
599,6
600,14
601,20
602,26
603,34
604,37
605,41
606,39
607,35
608,30
609,26
610,24
611,20
612,14
613,11
614,12
615,9
616,8
617,5
618,2
619,-1
620,-4
621,-10
622,-11
623,-13
624,-10
625,-12
626,-13
627,-10
628,-9
629,-5
630,2
631,2
632,1
633,3
634,2
635,-4
636,-6
637,-6
638,-5
639,0
640,5
641,7
642,13
643,15
644,24
645,24
646,24
647,26
648,25
649,27
650,30
651,35
652,34
653,31
654,27
655,20
656,17
657,14
658,14
659,8
660,7
661,4
662,-2
663,-4
664,-1
665,3
666,1
667,6
668,3
669,-4
670,-17
671,-24
672,-34
673,-41
674,-46
675,-48
676,-50
677,-61
678,-70
679,-73
680,-83
681,-88
682,-95
683,-100
684,-109
685,-111
686,-114
687,-116
688,-110
689,-101
690,-94
691,-90
692,-84
693,-83
694,-83
695,-82
696,-81
697,-79
698,-78
699,-77
700,-77
701,-82
702,-84
703,-76
704,-71
705,-71
706,-66
707,-63
708,-48
709,-32
710,-17
711,-6
712,-5
713,8
714,14
715,21
716,27
717,22
718,17
719,30
720,36
721,36
722,23
723,4
724,-10
725,-31
726,-39
727,-41
728,-35
729,-30
730,-28
731,-19
732,-5
733,14
734,27
735,37
736,44
737,54
738,67
739,68
740,67
741,65
742,67
743,63
744,70
745,70
746,69
747,70
748,76
749,79
750,83
751,89
752,88
753,80
754,71
755,61
756,57
757,47
758,42
759,31
760,27
761,22
762,23
763,22
764,16
765,14
766,8
767,1
768,-7
769,-9
770,-10
771,-11
772,-11
773,-17
774,-26
775,-25
776,-17
777,-16
778,-11
779,-12
780,-15
781,-17
782,-27
783,-35
784,-44
785,-50
786,-51
787,-58
788,-57
789,-60
790,-53
791,-53
792,-42
793,-35
794,-31
795,-36
796,-37
797,-38
798,-34
799,-34
800,-31
801,-29
802,-25
803,-20
804,-12
805,-10
806,-7
807,-5
808,-2
809,-8
810,-15
811,-22
812,-33
813,-40
814,-45
815,-42
816,-39
817,-34
818,-29
819,-27
820,-24
821,-16
822,-9
823,-3
824,1
825,12
826,14
827,9
828,8
829,-3
830,-12
831,-23
832,-34
833,-44
834,-43
835,-49
836,-49
837,-56
838,-59
839,-57
840,-54
841,-53
842,-48
843,-54
844,-47
845,-49
846,-41
847,-42
848,-44
849,-44
850,-49
851,-41
852,-33
853,-24
854,-17
855,-11
856,-3
857,2
858,5
859,6
860,8
861,2
862,1
863,0
864,-4
865,-5
866,-2
867,-7
868,-10
869,-3
870,4
871,-1
872,-2
873,-6
874,-5
875,-11
876,-14
877,-14
878,-12
879,2
880,6
881,10
882,13
883,11
884,6
885,-4
886,-8
887,-12
888,-11
889,-12
890,-13
891,-17
892,-20
893,-21
894,-15
895,-10
896,-10
897,-8
898,-7
899,-1
900,-1
901,1
902,1
903,3
904,3
905,5
906,11
907,9
908,11
909,8
910,5
911,2
912,-1
913,-6
914,-5
915,0
916,3
917,9
918,7
919,6
920,4
921,4
922,11
923,13
924,13
925,12
926,14
927,8
928,6
929,-4
930,-12
931,-20
932,-19
933,-19
934,-19
935,-13
936,-12
937,-12
938,-9
939,-3
940,3
941,2
942,7
943,6
944,0
945,5
946,11
947,17
948,21
949,32
950,33
951,34
952,28
953,28
954,26
955,21
956,17
957,4
958,-7
959,-21
960,-28
961,-38
962,-42
963,-51
964,-56
965,-62
966,-62
967,-56
968,-48
969,-38
970,-23
971,-16
972,-10
973,-8
974,0
975,-2
976,0
977,3
978,10
979,13
980,22
981,30
982,35
983,37
984,44
985,48
986,50
987,45
988,39
989,31
990,27
991,31
992,32
993,33
994,39
995,43
996,45
997,50
998,57
999,64
1000,69
1001,76
1002,72
1003,64
1004,56
1005,50
1006,42
1007,36
1008,28
1009,22
1010,12
1011,10
1012,9
1013,4
1014,-4
1015,-9
1016,-14
1017,-15
1018,-15
1019,-14
1020,-13
1021,-7
1022,1
1023,9
1024,2
1025,-1
1026,-5
1027,-6
1028,-2
1029,3
1030,-1
1031,-7
1032,-17
1033,-22
1034,-28
1035,-29
1036,-27
1037,-21
1038,-23
1039,-18
1040,-17
1041,-18
1042,-19
1043,-22
1044,-13
1045,-18
1046,-15
1047,-26
1048,-38
1049,-45
1050,-45
1051,-47
1052,-46
1053,-41
1054,-36
1055,-30
1056,-26
1057,-14
1058,0
1059,5
1060,16
1061,15
1062,14
1063,14
1064,15
1065,15
1066,12
1067,7
1068,5
1069,4
1070,1
1071,4
1072,0
1073,-3
1074,-5
1075,-11
1076,-19
1077,-26
1078,-26
1079,-26
1080,-20
1081,-13
1082,-12
1083,-14
1084,-21
1085,-27
1086,-33
1087,-39
1088,-46
1089,-51
1090,-61
1091,-63
1092,-57
1093,-52
1094,-41
1095,-35
1096,-34
1097,-38
1098,-44
1099,-48
1100,-55
1101,-59
1102,-60
1103,-63
1104,-68
1105,-70
1106,-69
1107,-68
1108,-58
1109,-47
1110,-38
1111,-34
1112,-31
1113,-28
1114,-29
1115,-29
1116,-34
1117,-38
1118,-43
1119,-42
1120,-49
1121,-50
1122,-51
1123,-47
1124,-41
1125,-40
1126,-35
1127,-31
1128,-28
1129,-29
1130,-26
1131,-27
1132,-21
1133,-12
1134,-6
1135,0
1136,0
1137,10
1138,19
1139,24
1140,26
1141,19
1142,17
1143,13
1144,15
1145,11
1146,11
1147,20
1148,30
1149,33
1150,33
1151,26
1152,23
1153,22
1154,23
1155,17
1156,7
1157,-1
1158,-13
1159,-16
1160,-20
1161,-19
1162,-19
1163,-25
1164,-23
1165,-25
1166,-24
1167,-22
1168,-22
1169,-20
1170,-18
1171,-14
1172,-22
1173,-30
1174,-39
1175,-54
1176,-66
1177,-75
1178,-63
1179,-36
1180,-7
1181,27
1182,44
1183,57
1184,64
1185,71
1186,68
1187,50
1188,32
1189,19
1190,0
1191,-11
1192,-18
1193,-25
1194,-26
1195,-17
1196,-2
1197,10
1198,23
1199,32
1200,37
1201,37
1202,40
1203,46
1204,47
1205,53
1206,57
1207,58
1208,54
1209,45
1210,41
1211,34
1212,31
1213,27
1214,24
1215,18
1216,15
1217,17
1218,16
1219,16
1220,12
1221,6
1222,-2
1223,-7
1224,-14
1225,-14
1226,-12
1227,-5
1228,-1
1229,3
1230,7
1231,8
1232,4
1233,-4
1234,-17
1235,-29
1236,-42
1237,-42
1238,-41
1239,-34
1240,-26
1241,-18
1242,-10
1243,-7
1244,-2
1245,-9
1246,-17
1247,-31
1248,-40
1249,-46
1250,-46
1251,-42
1252,-37
1253,-33
1254,-30
1255,-21
1256,-20
1257,-20
1258,-19
1259,-23
1260,-24
1261,-22
1262,-25
1263,-25
1264,-23
1265,-19
1266,-15
1267,-12
1268,-12
1269,-14
1270,-21
1271,-28
1272,-30
1273,-36
1274,-40
1275,-45
1276,-46
1277,-45
1278,-39
1279,-28
1280,-21
1281,-21
1282,-21
1283,-21
1284,-19
1285,-17
1286,-9
1287,-6
1288,-7
1289,-6
1290,-5
1291,-6
1292,-3
1293,3
1294,7
1295,11
1296,11
1297,6
1298,-1
1299,-10
1300,-8
1301,-7
1302,-10
1303,-9
1304,-11
1305,-8
1306,-4
1307,2
1308,4
1309,3
1310,9
1311,8
1312,4
1313,-1
1314,-4
1315,-8
1316,-13
1317,-15
1318,-18
1319,-23
1320,-27
1321,-29
1322,-36
1323,-39
1324,-43
1325,-43
1326,-41
1327,-35
1328,-34
1329,-33
1330,-40
1331,-37
1332,-35
1333,-36
1334,-39
1335,-45
1336,-51
1337,-55
1338,-56
1339,-60
1340,-67
1341,-64
1342,-60
1343,-57
1344,-58
1345,-62
1346,-64
1347,-67
1348,-66
1349,-69
1350,-76
1351,-78
1352,-79
1353,-78
1354,-75
1355,-75
1356,-75
1357,-72
1358,-70
1359,-63
1360,-57
1361,-59
1362,-55
1363,-52
1364,-50
1365,-45
1366,-39
1367,-35
1368,-33
1369,-26
1370,-20
1371,-16
1372,-13
1373,-16
1374,-28
1375,-38
1376,-41
1377,-42
1378,-38
1379,-34
1380,-25
1381,-10
1382,7
1383,24
1384,33
1385,43
1386,45
1387,59
1388,69
1389,72
1390,69
1391,71
1392,67
1393,62
1394,61
1395,53
1396,58
1397,60
1398,51
1399,39
1400,17
1401,4
1402,-8
1403,-16
1404,-21
1405,-31
1406,-41
1407,-36
1408,-29
1409,-15
1410,-2
1411,9
1412,17
1413,14
1414,9
1415,-7
1416,-23
1417,-34
1418,-50
1419,-70
1420,-95
1421,-105
1422,-105
1423,-107
1424,-97
1425,-89
1426,-71
1427,-54
1428,-40
1429,-33
1430,-29
1431,-16
1432,-1
1433,18
1434,28
1435,33
1436,35
1437,33
1438,33
1439,31
1440,29
1441,27
1442,27
1443,29
1444,25
1445,22
1446,23
1447,21
1448,23
1449,21
1450,18
1451,14
1452,14
1453,14
1454,15
1455,18
1456,23
1457,27
1458,30
1459,29
1460,27
1461,23
1462,21
1463,23
1464,22
1465,21
1466,21
1467,20
1468,11
1469,-4
1470,-15
1471,-31
1472,-42
1473,-45
1474,-52
1475,-47
1476,-53
1477,-48
1478,-49
1479,-47
1480,-38
1481,-32
1482,-31
1483,-29
1484,-29
1485,-29
1486,-29
1487,-19
1488,-12
1489,-16
1490,-17
1491,-12
1492,-13
1493,-16
1494,-20
1495,-21
1496,-19
1497,-20
1498,-22
1499,-24
1500,-18
1501,1
1502,13
1503,25
1504,34
1505,41
1506,45
1507,45
1508,50
1509,52
1510,51
1511,47
1512,42
1513,33
1514,27
1515,21
1516,10
1517,-5
1518,-25
1519,-38
1520,-40
1521,-20
1522,2
1523,33
1524,48
1525,54
1526,58
1527,61
1528,70
1529,78
1530,79
1531,76
1532,74
1533,67
1534,63
1535,59
1536,60
1537,58
1538,57
1539,56
1540,54
1541,57
1542,70
1543,85
1544,95
1545,102
1546,106
1547,102
1548,96
1549,87
1550,84
1551,82
1552,88
1553,94
1554,91
1555,83
1556,77
1557,69
1558,62
1559,54
1560,48
1561,40
1562,33
1563,28
1564,35
1565,34
1566,36
1567,38
1568,38
1569,35
1570,31
1571,28
1572,25
1573,24
1574,24
1575,23
1576,21
1577,17
1578,16
1579,8
1580,7
1581,7
1582,12
1583,13
1584,16
1585,17
1586,19
1587,21
1588,26
1589,30
1590,29
1591,26
1592,19
1593,9
1594,0
1595,-4
1596,-10
1597,-15
1598,-23
1599,-28
1600,-37
1601,-40
1602,-42
1603,-43
1604,-46
1605,-41
1606,-41
1607,-43
1608,-45
1609,-44
1610,-48
1611,-52
1612,-53
1613,-54
1614,-58
1615,-60
1616,-60
1617,-63
1618,-64
1619,-66
1620,-65
1621,-68
1622,-68
1623,-67
1624,-70
1625,-66
1626,-70
1627,-72
1628,-79
1629,-80
1630,-70
1631,-61
1632,-48
1633,-33
1634,-26
1635,-23
1636,-23
1637,-21
1638,-25
1639,-25
1640,-25
1641,-23
1642,-25
1643,-24
1644,-20
1645,-16
1646,-9
1647,1
1648,8
1649,13
1650,10
1651,3
1652,-9
1653,-11
1654,-13
1655,-12
1656,-18
1657,-13
1658,-14
1659,-18
1660,-30
1661,-37
1662,-30
1663,-23
1664,-5
1665,3
1666,3
1667,6
1668,2
1669,1
1670,-3
1671,-14
1672,-27
1673,-40
1674,-48
1675,-46
1676,-41
1677,-35
1678,-32
1679,-37
1680,-53
1681,-67
1682,-78
1683,-86
1684,-86
1685,-80
1686,-72
1687,-64
1688,-58
1689,-57
1690,-55
1691,-50
1692,-38
1693,-27
1694,-24
1695,-23
1696,-22
1697,-25
1698,-29
1699,-31
1700,-36
1701,-40
1702,-46
1703,-46
1704,-45
1705,-47
1706,-43
1707,-36
1708,-32
1709,-28
1710,-29
1711,-38
1712,-48
1713,-52
1714,-46
1715,-37
1716,-14
1717,-7
1718,-1
1719,0
1720,-1
1721,0
1722,4
1723,2
1724,2
1725,5
1726,12
1727,20
1728,25
1729,28
1730,27
1731,11
1732,-2
1733,-9
1734,-9
1735,-11
1736,-16
1737,-21
1738,-31
1739,-35
1740,-43
1741,-38
1742,-35
1743,-26
1744,-23
1745,-21
1746,-23
1747,-24
1748,-21
1749,-26
1750,-30
1751,-34
1752,-40
1753,-46
1754,-52
1755,-49
1756,-51
1757,-49
1758,-44
1759,-37
1760,-35
1761,-30
1762,-31
1763,-33
1764,-34
1765,-33
1766,-32
1767,-30
1768,-25
1769,-25
1770,-26
1771,-26
1772,-21
1773,-14
1774,-8
1775,-6
1776,-7
1777,-11
1778,-17
1779,-15
1780,-16
1781,-11
1782,-12
1783,-13
1784,-23
1785,-31
1786,-30
1787,-28
1788,-17
1789,-1
1790,30
1791,49
1792,61
1793,62
1794,49
1795,31
1796,14
1797,-1
1798,-18
1799,-27
1800,-36
1801,-34
1802,-38
1803,-38
1804,-39
1805,-40
1806,-39
1807,-25
1808,-18
1809,-5
1810,0
1811,9
1812,11
1813,17
1814,20
1815,17
1816,17
1817,19
1818,15
1819,8
1820,5
1821,4
1822,5
1823,3
1824,6
1825,4
1826,0
1827,-2
1828,-8
1829,-16
1830,-31
1831,-40
1832,-44
1833,-43
1834,-39
1835,-35
1836,-32
1837,-23
1838,-15
1839,-6
1840,-1
1841,4
1842,5
1843,9
1844,12
1845,13
1846,15
1847,11
1848,10
1849,6
1850,0
1851,-3
1852,-6
1853,-15
1854,-17
1855,-14
1856,-10
1857,-8
1858,1
1859,7
1860,13
1861,16
1862,18
1863,16
1864,20
1865,17
1866,25
1867,23
1868,28
1869,29
1870,30
1871,34
1872,42
1873,47
1874,46
1875,49
1876,51
1877,49
1878,44
1879,40
1880,39
1881,34
1882,22
1883,17
1884,8
1885,3
1886,1
1887,6
1888,13
1889,15
1890,21
1891,21
1892,18
1893,16
1894,19
1895,22
1896,27
1897,32
1898,39
1899,46
1900,56
1901,59
1902,58
1903,57
1904,62
1905,60
1906,59
1907,55
1908,55
1909,56
1910,56
1911,56
1912,50
1913,46
1914,39
1915,32
1916,34
1917,46
1918,63
1919,67
1920,65
1921,66
1922,63
1923,55
1924,41
1925,30
1926,17
1927,-1
1928,-12
1929,-27
1930,-19
1931,-26
1932,-7
1933,5
1934,40
1935,66
1936,78
1937,77
1938,70
1939,71
1940,64
1941,60
1942,47
1943,30
1944,12
1945,-4
1946,-14
1947,-24
1948,-27
1949,-23
1950,-20
1951,-19
1952,-20
1953,-31
1954,-51
1955,-78
1956,-89
1957,-90
1958,-70
1959,-63
1960,-64
1961,-77
1962,-62
1963,-43
1964,-14
1965,2
1966,15
1967,29
1968,29
1969,25
1970,26
1971,23
1972,19
1973,14
1974,12
1975,4
1976,3
1977,5
1978,6
1979,15
1980,28
1981,40
1982,47
1983,51
1984,51
1985,47
1986,46
1987,49
1988,50
1989,52
1990,52
1991,56
1992,54
1993,57
1994,57
1995,55
1996,51
1997,49
1998,49
1999,49
2000,49
2001,48
2002,40
2003,25
2004,12
2005,-1
2006,-15
2007,-22
2008,-23
2009,-23
2010,-26
2011,-23
2012,-14
2013,-7
2014,1
2015,6
2016,7
2017,1
2018,-1
2019,-4
2020,-8
2021,-13
2022,-12
2023,-15
2024,-19
2025,-21
2026,-17
2027,-18
2028,-21
2029,-29
2030,-39
2031,-43
2032,-40
2033,-35
2034,-35
2035,-34
2036,-25
2037,-19
2038,-11
2039,-6
2040,0
2041,6
2042,10
2043,16
2044,18
2045,19
2046,18
2047,14
2048,12
2049,5
2050,7
2051,-3
2052,-8
2053,-15
2054,-24
2055,-35
2056,-41
2057,-44
2058,-37
2059,-29
2060,-19
2061,-18
2062,-17
2063,-23
2064,-29
2065,-36
2066,-35
2067,-32
2068,-34
2069,-38
2070,-38
2071,-31
2072,-27
2073,-22
2074,-17
2075,-22
2076,-28
2077,-37
2078,-38
2079,-35
2080,-37
2081,-36
2082,-41
2083,-41
2084,-34
2085,-31
2086,-27
2087,-26
2088,-17
2089,-13
2090,-16
2091,-21
2092,-17
2093,-23
2094,-23
2095,-26
2096,-23
2097,-22
2098,-27
2099,-35
2100,-42
2101,-47
2102,-46
2103,-52
2104,-50
2105,-49
2106,-46
2107,-45
2108,-39
2109,-33
2110,-30
2111,-22
2112,-13
2113,-7
2114,14
2115,9
2116,18
2117,8
2118,3
2119,4
2120,5
2121,-9
2122,-17
2123,-14
2124,-16
2125,-21
2126,-30
2127,-46
2128,-57
2129,-59
2130,-61
2131,-61
2132,-52
2133,-46
2134,-41
2135,-39
2136,-34
2137,-29
2138,-29
2139,-32
2140,-33
2141,-38
2142,-45
2143,-48
2144,-50
2145,-56
2146,-61
2147,-63
2148,-61
2149,-62
2150,-60
2151,-56
2152,-45
2153,-33
2154,-30
2155,-36
2156,-38
2157,-34
2158,-26
2159,-22
2160,-18
2161,-14
2162,-15
2163,-20
2164,-25
2165,-29
2166,-29
2167,-27
2168,-23
2169,-21
2170,-27
2171,-30
2172,-34
2173,-35
2174,-27
2175,-22
2176,-21
2177,-16
2178,-8
2179,3
2180,7
2181,6
2182,4
2183,0
2184,-8
2185,-14
2186,-23
2187,-35
2188,-47
2189,-50
2190,-55
2191,-34
2192,-16
2193,10
2194,26
2195,44
2196,50
2197,46
2198,34
2199,28
2200,22
2201,12
2202,5
2203,-7
2204,-12
2205,-21
2206,-16
2207,-7
2208,-2
2209,7
2210,4
2211,6
2212,8
2213,17
2214,22
2215,19
2216,15
2217,3
2218,-9
2219,-23
2220,-24
2221,-24
2222,-13
2223,-3
2224,0
2225,3
2226,2
2227,8
2228,17
2229,27
2230,35
2231,38
2232,37
2233,41
2234,35
2235,34
2236,31
2237,33
2238,31
2239,40
2240,45
2241,48
2242,40
2243,36
2244,33
2245,28
2246,22
2247,15
2248,11
2249,10
2250,14
2251,19
2252,22
2253,21
2254,25
2255,30
2256,28
2257,27
2258,27
2259,26
2260,26
2261,26
2262,19
2263,12
2264,2
2265,-4
2266,-5
2267,-9
2268,-7
2269,-4
2270,-5
2271,-12
2272,-17
2273,-27
2274,-33
2275,-33
2276,-26
2277,-21
2278,-14
2279,-7
2280,-4
2281,7
2282,12
2283,14
2284,15
2285,16
2286,17
2287,18
2288,21
2289,29
2290,29
2291,32
2292,34
2293,35
2294,31
2295,24
2296,18
2297,12
2298,5
2299,-2
2300,-6
2301,-9
2302,-9
2303,-6
2304,0
2305,3
2306,5
2307,4
2308,-5
2309,-12
2310,-18
2311,-19
2312,-27
2313,-29
2314,-31
2315,-28
2316,-22
2317,-13
2318,-10
2319,-8
2320,-7
2321,-7
2322,-8
2323,-8
2324,-10
2325,-10
2326,-14
2327,-15
2328,-19
2329,-21
2330,-18
2331,-16
2332,-16
2333,-19
2334,-20
2335,-18
2336,-15
2337,-13
2338,-11
2339,-12
2340,-18
2341,-22
2342,-24
2343,-32
2344,-32
2345,-31
2346,-30
2347,-28
2348,-32
2349,-35
2350,-44
2351,-50
2352,-52
2353,-58
2354,-57
2355,-53
2356,-48
2357,-48
2358,-48
2359,-53
2360,-55
2361,-57
2362,-53
2363,-50
2364,-44
2365,-38
2366,-34
2367,-33
2368,-38
2369,-43
2370,-57
2371,-71
2372,-81
2373,-88
2374,-94
2375,-91
2376,-85
2377,-77
2378,-74
2379,-69
2380,-73
2381,-72
2382,-71
2383,-69
2384,-66
2385,-68
2386,-64
2387,-66
2388,-70
2389,-70
2390,-66
2391,-57
2392,-45
2393,-37
2394,-34
2395,-30
2396,-33
2397,-33
2398,-32
2399,-29
2400,-27
2401,-26
2402,-28
2403,-29
2404,-29
2405,-32
2406,-24
2407,-22
2408,-24
2409,-31
2410,-39
2411,-42
2412,-40
2413,-36
2414,-26
2415,-26
2416,-32
2417,-35
2418,-33
2419,-33
2420,-29
2421,-23
2422,-16
2423,-10
2424,-6
2425,-4
2426,-7
2427,-11
2428,-10
2429,-10
2430,-14
2431,-19
2432,-25
2433,-28
2434,-23
2435,-12
2436,-12
2437,-10
2438,-13
2439,-13
2440,-15
2441,-11
2442,-3
2443,-1
2444,2
2445,4
2446,7
2447,11
2448,12
2449,19
2450,23
2451,24
2452,26
2453,17
2454,8
2455,-4
2456,-9
2457,-11
2458,-13
2459,-11
2460,-7
2461,-4
2462,1
2463,8
2464,10
2465,13
2466,10
2467,6
2468,-1
2469,-10
2470,-17
2471,-24
2472,-23
2473,-12
2474,-4
2475,0
2476,6
2477,10
2478,7
2479,6
2480,1
2481,-7
2482,-20
2483,-27
2484,-33
2485,-38
2486,-40
2487,-39
2488,-42
2489,-42
2490,-44
2491,-46
2492,-43
2493,-42
2494,-37
2495,-36
2496,-40
2497,-38
2498,-34
2499,-36
2500,-38
2501,-37
2502,-35
2503,-37
2504,-45
2505,-53
2506,-64
2507,-68
2508,-70
2509,-70
2510,-78
2511,-87
2512,-103
2513,-118
2514,-148
2515,-159
2516,-169
2517,-154
2518,-125
2519,-95
2520,-59
2521,-38
2522,-19
2523,-9
2524,0
2525,7
2526,2
2527,-14
2528,-23
2529,-31
2530,-48
2531,-59
2532,-67
2533,-70
2534,-75
2535,-84
2536,-89
2537,-88
2538,-80
2539,-65
2540,-43
2541,-35
2542,-24
2543,-12
2544,-8
2545,0
2546,0
2547,0
2548,-5
2549,-8
2550,-22
2551,-34
2552,-41
2553,-41
2554,-43
2555,-46
2556,-39
2557,-33
2558,-25
2559,-22
2560,-17
2561,-9
2562,-2
2563,5
2564,12
2565,13
2566,12
2567,12
2568,14
2569,11
2570,13
2571,16
2572,16
2573,14
2574,16
2575,13
2576,11
2577,11
2578,13
2579,17
2580,20
2581,24
2582,15
2583,13
2584,14
2585,23
2586,27
2587,31
2588,37
2589,42
2590,50
2591,57
2592,60
2593,63
2594,63
2595,57
2596,44
2597,43
2598,42
2599,40
2600,32
2601,20
2602,16
2603,11
2604,9
2605,12
2606,10
2607,0
2608,-9
2609,-20
2610,-28
2611,-27
2612,-22
2613,-16
2614,-16
2615,-11
2616,-6
2617,-3
2618,-8
2619,-5
2620,-5
2621,-4
2622,-7
2623,-12
2624,-20
2625,-14
2626,-10
2627,-8
2628,-14
2629,-15
2630,-29
2631,-33
2632,-36
2633,-26
2634,-3
2635,1
2636,13
2637,9
2638,0
2639,-14
2640,-15
2641,-13
2642,0
2643,14
2644,23
2645,27
2646,23
2647,18
2648,7
2649,6
2650,11
2651,20
2652,27
2653,30
2654,37
2655,37
2656,42
2657,42
2658,43
2659,40
2660,37
2661,36
2662,34
2663,34
2664,41
2665,49
2666,58
2667,68
2668,71
2669,72
2670,75
2671,73
2672,73
2673,65
2674,68
2675,63
2676,59
2677,53
2678,47
2679,37
2680,13
2681,2
2682,-40
2683,-42
2684,-28
2685,9
2686,42
2687,58
2688,72
2689,80
2690,94
2691,102
2692,107
2693,112
2694,104
2695,97
2696,84
2697,67
2698,54
2699,47
2700,39
2701,33
2702,21
2703,7
2704,-5
2705,-9
2706,-1
2707,-15
2708,-38
2709,-70
2710,-94
2711,-96
2712,-64
2713,-8
2714,37
2715,67
2716,77
2717,71
2718,62
2719,48
2720,48
2721,34
2722,25
2723,18
2724,14
2725,12
2726,15
2727,15
2728,15
2729,12
2730,20
2731,21
2732,23
2733,21
2734,23
2735,21
2736,23
2737,35
2738,44
2739,48
2740,49
2741,47
2742,38
2743,33
2744,30
2745,29
2746,25
2747,28
2748,26
2749,27
2750,28
2751,31
2752,28
2753,20
2754,13
2755,6
2756,1
2757,0
2758,4
2759,1
2760,1
2761,-3
2762,-8
2763,-14
2764,-16
2765,-11
2766,-12
2767,-14
2768,-17
2769,-20
2770,-22
2771,-26
2772,-28
2773,-37
2774,-43
2775,-46
2776,-51
2777,-53
2778,-58
2779,-60
2780,-66
2781,-69
2782,-69
2783,-72
2784,-70
2785,-70
2786,-63
2787,-58
2788,-52
2789,-49
2790,-45
2791,-46
2792,-48
2793,-43
2794,-39
2795,-34
2796,-28
2797,-29
2798,-33
2799,-34
2800,-36
2801,-45
2802,-48
2803,-53
2804,-59
2805,-62
2806,-66
2807,-72
2808,-88
2809,-103
2810,-114
2811,-123
2812,-129
2813,-130
2814,-133
2815,-134
2816,-133
2817,-125
2818,-118
2819,-112
2820,-101
2821,-89
2822,-78
2823,-64
2824,-53
2825,-41
2826,-29
2827,-16
2828,-6
2829,1
2830,10
2831,12
2832,12
2833,13
2834,10
2835,11
2836,10
2837,18
2838,26
2839,26
2840,26
2841,26
2842,28
2843,30
2844,33
2845,37
2846,32
2847,31
2848,31
2849,30
2850,23
2851,21
2852,20
2853,17
2854,17
2855,21
2856,25
2857,30
2858,35
2859,37
2860,41
2861,50
2862,54
2863,60
2864,66
2865,69
2866,64
2867,46
2868,20
2869,1
2870,-14
2871,-6
2872,-7
2873,8
2874,29
2875,43
2876,59
2877,71
2878,78
2879,99
2880,108
2881,112
2882,113
2883,112
2884,102
2885,94
2886,86
2887,81
2888,77
2889,76
2890,78
2891,72
2892,69
2893,69
2894,72
2895,72
2896,72
2897,70
2898,68
2899,67
2900,64
2901,65
2902,61
2903,64
2904,60
2905,53
2906,44
2907,38
2908,31
2909,21
2910,12
2911,7
2912,4
2913,2
2914,6
2915,8
2916,2
2917,-1
2918,-5
2919,-12
2920,-17
2921,-23
2922,-27
2923,-32
2924,-32
2925,-35
2926,-39
2927,-41
2928,-43
2929,-44
2930,-50
2931,-49
2932,-50
2933,-57
2934,-59
2935,-51
2936,-44
2937,-41
2938,-41
2939,-49
2940,-61
2941,-71
2942,-76
2943,-83
2944,-89
2945,-92
2946,-92
2947,-95
2948,-98
2949,-97
2950,-100
2951,-102
2952,-101
2953,-102
2954,-104
2955,-102
2956,-97
2957,-87
2958,-77
2959,-66
2960,-57
2961,-56
2962,-49
2963,-49
2964,-51
2965,-55
2966,-54
2967,-49
2968,-51
2969,-48
2970,-48
2971,-49
2972,-36
2973,-26
2974,-17
2975,-15
2976,-10
2977,-5
2978,0
2979,3
2980,9
2981,14
2982,17
2983,22
2984,24
2985,23
2986,23
2987,28
2988,31
2989,29
2990,30
2991,31
2992,26
2993,25
2994,23
2995,18
2996,17
2997,17
2998,21
2999,24
3000,23
3001,26
3002,26
3003,22
3004,25
3005,20
3006,15
3007,11
3008,10
3009,6
3010,3
3011,1
3012,-6
3013,-10
3014,-12
3015,-10
3016,-3
3017,-2
3018,2
3019,6
3020,8
3021,0
3022,-3
3023,-11
3024,-9
3025,-5
3026,10
3027,19
3028,23
3029,20
3030,9
3031,4
3032,-1
3033,-5
3034,-16
3035,-26
3036,-42
3037,-54
3038,-61
3039,-59
3040,-41
3041,-32
3042,-6
3043,2
3044,9
3045,10
3046,9
3047,12
3048,7
3049,5
3050,2
3051,-7
3052,-15
3053,-22
3054,-31
3055,-37
3056,-42
3057,-53
3058,-62
3059,-58
3060,-49
3061,-39
3062,-29
3063,-21
3064,-11
3065,-5
3066,-3
3067,0
3068,3
3069,5
3070,9
3071,7
3072,3
3073,-3
3074,-8
3075,-18
3076,-25
3077,-28
3078,-31
3079,-32
3080,-35
3081,-30
3082,-24
3083,-19
3084,-9
3085,0
3086,4
3087,6
3088,8
3089,2
3090,3
3091,3
3092,2
3093,-2
3094,-9
3095,-18
3096,-27
3097,-32
3098,-33
3099,-35
3100,-42
3101,-48
3102,-55
3103,-63
3104,-66
3105,-62
3106,-51
3107,-47
3108,-39
3109,-41
3110,-39
3111,-39
3112,-33
3113,-31
3114,-28
3115,-26
3116,-30
3117,-37
3118,-45
3119,-50
3120,-55
3121,-59
3122,-63
3123,-68
3124,-74
3125,-76
3126,-73
3127,-70
3128,-62
3129,-49
3130,-36
3131,-25
3132,-12
3133,-2
3134,1
3135,2
3136,10
3137,20
3138,26
3139,32
3140,28
3141,22
3142,25
3143,34
3144,38
3145,37
3146,34
3147,37
3148,35
3149,31
3150,29
3151,28
3152,27
3153,24
3154,13
3155,13
3156,12
3157,22
3158,26
3159,22
3160,23
3161,20
3162,12
3163,5
3164,-3
3165,-8
3166,-10
3167,-11
3168,-15
3169,-21
3170,-19
3171,-15
3172,-12
3173,-3
3174,4
3175,13
3176,14
3177,11
3178,7
3179,4
3180,-2
3181,-2
3182,-10
3183,-14
3184,-21
3185,-20
3186,-23
3187,-23
3188,-21
3189,-19
3190,-17
3191,-15
3192,-6
3193,-6
3194,4
3195,9
3196,10
3197,13
3198,14
3199,16
3200,4
3201,-8
3202,-23
3203,-27
3204,-39
3205,-43
3206,-56
3207,-64
3208,-76
3209,-75
3210,-73
3211,-61
3212,-43
3213,-24
3214,-5
3215,6
3216,18
3217,22
3218,17
3219,5
3220,-4
3221,-12
3222,-22
3223,-25
3224,-31
3225,-31
3226,-26
3227,-21
3228,-15
3229,-15
3230,-11
3231,-10
3232,-4
3233,1
3234,7
3235,7
3236,9
3237,12
3238,15
3239,16
3240,19
3241,18
3242,21
3243,20
3244,25
3245,19
3246,14
3247,10
3248,4
3249,-2
3250,-5
3251,-1
3252,0
3253,6
3254,7
3255,8
3256,6
3257,9
3258,9
3259,6
3260,6
3261,7
3262,9
3263,3
3264,-1
3265,-6
3266,-13
3267,-16
3268,-18
3269,-20
3270,-27
3271,-28
3272,-29
3273,-33
3274,-38
3275,-40
3276,-41
3277,-42
3278,-32
3279,-21
3280,-12
3281,-2
3282,2
3283,4
3284,3
3285,3
3286,1
3287,3
3288,1
3289,4
3290,-4
3291,-7
3292,-6
3293,-13
3294,-17
3295,-26
3296,-24
3297,-30
3298,-30
3299,-29
3300,-27
3301,-28
3302,-26
3303,-21
3304,-19
3305,-14
3306,-14
3307,-15
3308,-18
3309,-21
3310,-17
3311,-18
3312,-15
3313,-13
3314,-8
3315,-9
3316,-6
3317,1
3318,-1
3319,5
3320,10
3321,15
3322,12
3323,9
3324,13
3325,7
3326,8
3327,4
3328,4
3329,0
3330,-5
3331,-10
3332,-12
3333,-10
3334,-16
3335,-14
3336,-22
3337,-24
3338,-27
3339,-30
3340,-24
3341,-16
3342,-15
3343,-18
3344,-25
3345,-34
3346,-52
3347,-66
3348,-70
3349,-69
3350,-56
3351,-48
3352,-40
3353,-36
3354,-30
3355,-21
3356,-22
3357,-10
3358,3
3359,21
3360,37
3361,44
3362,38
3363,22
3364,8
3365,-1
3366,-4
3367,-4
3368,-8
3369,-12
3370,-15
3371,-16
3372,-17
3373,-18
3374,-25
3375,-26
3376,-19
3377,-9
3378,1
3379,11
3380,24
3381,27
3382,38
3383,43
3384,41
3385,38
3386,21
3387,7
3388,0
3389,3
3390,24
3391,32
3392,33
3393,31
3394,31
3395,30
3396,33
3397,47
3398,54
3399,65
3400,73
3401,73
3402,64
3403,56
3404,54
3405,54
3406,62
3407,74
3408,81
3409,82
3410,78
3411,76
3412,68
3413,62
3414,66
3415,63
3416,64
3417,59
3418,50
3419,37
3420,25
3421,13
3422,-1
3423,-14
3424,-30
3425,-45
3426,-54
3427,-62
3428,-59
3429,-54
3430,-49
3431,-28
3432,-20
3433,-10
3434,-10
3435,-19
3436,-29
3437,-30
3438,-18
3439,-9
3440,-7
3441,-15
3442,-16
3443,-23
3444,-25
3445,-26
3446,-27
3447,-29
3448,-31
3449,-33
3450,-36
3451,-36
3452,-37
3453,-44
3454,-50
3455,-54
3456,-53
3457,-57
3458,-57
3459,-54
3460,-51
3461,-57
3462,-63
3463,-73
3464,-80
3465,-78
3466,-69
3467,-60
3468,-55
3469,-51
3470,-53
3471,-56
3472,-58
3473,-51
3474,-52
3475,-53
3476,-54
3477,-60
3478,-60
3479,-60
3480,-54
3481,-55
3482,-53
3483,-50
3484,-55
3485,-58
3486,-60
3487,-62
3488,-62
3489,-59
3490,-54
3491,-51
3492,-49
3493,-44
3494,-33
3495,-20
3496,-5
3497,11
3498,17
3499,16
3500,10
3501,14
3502,8
3503,7
3504,5
3505,1
3506,0
3507,-2
3508,-1
3509,-1
3510,5
3511,5
3512,4
3513,2
3514,5
3515,7
3516,8
3517,4
3518,3
3519,3
3520,2
3521,0
3522,-5
3523,-10
3524,-8
3525,2
3526,9
3527,10
3528,2
3529,-7
3530,-12
3531,-9
3532,3
3533,9
3534,8
3535,10
3536,6
3537,2
3538,-10
3539,-18
3540,-24
3541,-33
3542,-39
3543,-53
3544,-67
3545,-74
3546,-73
3547,-69
3548,-57
3549,-46
3550,-39
3551,-35
3552,-30
3553,-24
3554,-20
3555,-16
3556,-14
3557,-14
3558,-20
3559,-26
3560,-32
3561,-42
3562,-46
3563,-48
3564,-42
3565,-31
3566,-23
3567,-14
3568,-11
3569,-7
3570,3
3571,12
3572,20
3573,20
3574,19
3575,8
3576,3
3577,12
3578,26
3579,40
3580,50
3581,58
3582,59
3583,65
3584,72
3585,76
3586,77
3587,76
3588,71
3589,66
3590,60
3591,56
3592,53
3593,50
3594,51
3595,50
3596,47
3597,42
3598,37
3599,26
3600,16
3601,16
3602,15
3603,8
3604,2
3605,0
3606,-2
3607,-5
3608,0
3609,0
3610,5
3611,5
3612,5
3613,1
3614,-5
3615,-13
3616,-25
3617,-35
3618,-39
3619,-35
3620,-33
3621,-25
3622,-21
3623,-16
3624,-22
3625,-27
3626,-26
3627,-24
3628,-17
3629,-19
3630,-17
3631,-22
3632,-20
3633,-20
3634,-27
3635,-29
3636,-28
3637,-25
3638,-29
3639,-29
3640,-31
3641,-31
3642,-29
3643,-32
3644,-34
3645,-45
3646,-49
3647,-50
3648,-54
3649,-52
3650,-55
3651,-54
3652,-65
3653,-66
3654,-67
3655,-61
3656,-45
3657,-26
3658,-14
3659,0
3660,11
3661,9
3662,6
3663,0
3664,-4
3665,-11
3666,-23
3667,-33
3668,-36
3669,-40
3670,-41
3671,-35
3672,-38
3673,-35
3674,-34
3675,-35
3676,-38
3677,-39
3678,-39
3679,-45
3680,-48
3681,-49
3682,-43
3683,-39
3684,-38
3685,-34
3686,-31
3687,-19
3688,-8
3689,-6
3690,2
3691,6
3692,9
3693,-1
3694,-10
3695,-20
3696,-28
3697,-38
3698,-41
3699,-47
3700,-54
3701,-61
3702,-60
3703,-53
3704,-49
3705,-39
3706,-31
3707,-27
3708,-27
3709,-26
3710,-29
3711,-35
3712,-39
3713,-43
3714,-42
3715,-28
3716,-7
3717,9
3718,20
3719,24
3720,19
3721,14
3722,14
3723,19
3724,25
3725,26
3726,25
3727,18
3728,8
3729,-6
3730,-10
3731,-18
3732,-15
3733,-16
3734,-17
3735,-21
3736,-22
3737,-16
3738,-10
3739,3
3740,15
3741,26
3742,29
3743,29
3744,28
3745,27
3746,24
3747,21
3748,14
3749,8
3750,13
3751,25
3752,21
3753,16
3754,10
3755,6
3756,6
3757,17
3758,25
3759,32
3760,41
3761,50
3762,54
3763,49
3764,49
3765,44
3766,49
3767,58
3768,70
3769,75
3770,70
3771,67
3772,52
3773,35
3774,8
3775,-9
3776,-44
3777,-62
3778,-81
3779,-66
3780,-61
3781,-54
3782,-54
3783,-49
3784,-29
3785,-4
3786,8
3787,3
3788,-12
3789,-27
3790,-33
3791,-27
3792,-11
3793,3
3794,18
3795,34
3796,51
3797,65
3798,80
3799,89
3800,85
3801,74
3802,58
3803,47
3804,33
3805,24
3806,13
3807,0
3808,-11
3809,-20
3810,-20
3811,-19
3812,-11
3813,3
3814,15
3815,24
3816,32
3817,36
3818,35
3819,32
3820,32
3821,23
3822,11
3823,1
3824,-6
3825,-16
3826,-23
3827,-26
3828,-28
3829,-25
3830,-11
3831,-4
3832,1
3833,3
3834,8
3835,10
3836,10
3837,11
3838,12
3839,12
3840,11
3841,14
3842,12
3843,13
3844,21
3845,26
3846,33
3847,33
3848,37
3849,36
3850,34
3851,34
3852,32
3853,22
3854,15
3855,5
3856,0
3857,-1
3858,1
3859,5
3860,9
3861,8
3862,11
3863,17
3864,20
3865,25
3866,25
3867,22
3868,17
3869,12
3870,8
3871,0
3872,-8
3873,-19
3874,-27
3875,-34
3876,-39
3877,-38
3878,-34
3879,-25
3880,-14
3881,-11
3882,-11
3883,-17
3884,-17
3885,-13
3886,-6
3887,0
3888,-4
3889,-1
3890,-2
3891,2
3892,1
3893,4
3894,4
3895,4
3896,11
3897,6
3898,3
3899,0
3900,0
3901,-1
3902,-2
3903,-2
3904,-7
3905,-14
3906,-18
3907,-21
3908,-20
3909,-21
3910,-18
3911,-18
3912,-18
3913,-21
3914,-18
3915,-21
3916,-18
3917,-18
3918,-19
3919,-27
3920,-33
3921,-32
3922,-33
3923,-29
3924,-26
3925,-30
3926,-34
3927,-37
3928,-36
3929,-30
3930,-20
3931,-13
3932,-10
3933,-16
3934,-22
3935,-24
3936,-29
3937,-27
3938,-25
3939,-26
3940,-24
3941,-23
3942,-26
3943,-29
3944,-35
3945,-38
3946,-37
3947,-40
3948,-36
3949,-39
3950,-43
3951,-43
3952,-41
3953,-36
3954,-32
3955,-29
3956,-26
3957,-28
3958,-26
3959,-18
3960,-18
3961,-22
3962,-25
3963,-27
3964,-28
3965,-28
3966,-32
3967,-42
3968,-52
3969,-57
3970,-58
3971,-53
3972,-45
3973,-32
3974,-32
3975,-32
3976,-37
3977,-48
3978,-51
3979,-49
3980,-42
3981,-41
3982,-45
3983,-51
3984,-59
3985,-60
3986,-53
3987,-39
3988,-35
3989,-34
3990,-36
3991,-33
3992,-28
3993,-25
3994,-25
3995,-33
3996,-40
3997,-45
3998,-46
3999,-41
4000,-35
4001,-28
4002,-20
4003,-9
4004,0
4005,4
4006,2
4007,-4
4008,-9
4009,-17
4010,-22
4011,-22
4012,-18
4013,-26
4014,-18
4015,-19
4016,-13
4017,-4
4018,6
4019,7
4020,8
4021,7
4022,-2
4023,-3
4024,-7
4025,-3
4026,-5
4027,-2
4028,3
4029,4
4030,3
4031,1
4032,2
4033,-6
4034,-11
4035,-12
4036,-17
4037,-18
4038,-24
4039,-18
4040,-17
4041,-14
4042,-7
4043,-5
4044,0
4045,-5
4046,-1
4047,-2
4048,3
4049,19
4050,31
4051,36
4052,33
4053,23
4054,12
4055,1
4056,-4
4057,-3
4058,3
4059,9
4060,13
4061,18
4062,18
4063,22
4064,18
4065,21
4066,18
4067,18
4068,16
4069,9
4070,5
4071,-2
4072,-10
4073,-11
4074,-12
4075,-15
4076,-13
4077,-8
4078,-1
4079,-2
4080,2
4081,2
4082,5
4083,6
4084,12
4085,18
4086,29
4087,43
4088,53
4089,58
4090,55
4091,48
4092,35
4093,23
4094,15
4095,-41
